pin,bank,pin_func,is_general_purpose,site
AH18,,VN,0,SYSMONE4_X0Y1
AG19,,VP,0,SYSMONE4_X0Y1
BF34,61,IO_T0U_N12_VRP_61,1,IOB_X0Y64
BC33,61,IO_T1U_N12_61,1,IOB_X0Y77
AT32,61,IO_T2U_N12_61,1,IOB_X0Y90
AR32,61,IO_T3U_N12_61,1,IOB_X0Y103
BF33,61,IO_L1N_T0L_N1_DBC_61,1,IOB_X0Y53
BF32,61,IO_L1P_T0L_N0_DBC_61,1,IOB_X0Y52
BE32,61,IO_L2N_T0L_N3_61,1,IOB_X0Y55
BE31,61,IO_L2P_T0L_N2_61,1,IOB_X0Y54
BF30,61,IO_L3N_T0L_N5_AD15N_61,1,IOB_X0Y57
BE30,61,IO_L3P_T0L_N4_AD15P_61,1,IOB_X0Y56
BD31,61,IO_L4N_T0U_N7_DBC_AD7N_61,1,IOB_X0Y59
BD30,61,IO_L4P_T0U_N6_DBC_AD7P_61,1,IOB_X0Y58
BE33,61,IO_L5N_T0U_N9_AD14N_61,1,IOB_X0Y61
BD33,61,IO_L5P_T0U_N8_AD14P_61,1,IOB_X0Y60
BD29,61,IO_L6N_T0U_N11_AD6N_61,1,IOB_X0Y63
BC29,61,IO_L6P_T0U_N10_AD6P_61,1,IOB_X0Y62
BC32,61,IO_L7N_T1L_N1_QBC_AD13N_61,1,IOB_X0Y66
BC31,61,IO_L7P_T1L_N0_QBC_AD13P_61,1,IOB_X0Y65
BB31,61,IO_L8N_T1L_N3_AD5N_61,1,IOB_X0Y68
BB30,61,IO_L8P_T1L_N2_AD5P_61,1,IOB_X0Y67
BB29,61,IO_L9N_T1L_N5_AD12N_61,1,IOB_X0Y70
BA29,61,IO_L9P_T1L_N4_AD12P_61,1,IOB_X0Y69
BB32,61,IO_L10N_T1U_N7_QBC_AD4N_61,1,IOB_X0Y72
BA32,61,IO_L10P_T1U_N6_QBC_AD4P_61,1,IOB_X0Y71
BA30,61,IO_L11N_T1U_N9_GC_61,1,IOB_X0Y74
AY30,61,IO_L11P_T1U_N8_GC_61,1,IOB_X0Y73
AY32,61,IO_L12N_T1U_N11_GC_61,1,IOB_X0Y76
AY31,61,IO_L12P_T1U_N10_GC_61,1,IOB_X0Y75
AW30,61,IO_L13N_T2L_N1_GC_QBC_61,1,IOB_X0Y79
AW29,61,IO_L13P_T2L_N0_GC_QBC_61,1,IOB_X0Y78
AW31,61,IO_L14N_T2L_N3_GC_61,1,IOB_X0Y81
AV31,61,IO_L14P_T2L_N2_GC_61,1,IOB_X0Y80
AV32,61,IO_L15N_T2L_N5_AD11N_61,1,IOB_X0Y83
AU32,61,IO_L15P_T2L_N4_AD11P_61,1,IOB_X0Y82
AV29,61,IO_L16N_T2U_N7_QBC_AD3N_61,1,IOB_X0Y85
AU29,61,IO_L16P_T2U_N6_QBC_AD3P_61,1,IOB_X0Y84
AU31,61,IO_L17N_T2U_N9_AD10N_61,1,IOB_X0Y87
AU30,61,IO_L17P_T2U_N8_AD10P_61,1,IOB_X0Y86
AT30,61,IO_L18N_T2U_N11_AD2N_61,1,IOB_X0Y89
AT29,61,IO_L18P_T2U_N10_AD2P_61,1,IOB_X0Y88
AR31,61,IO_L19N_T3L_N1_DBC_AD9N_61,1,IOB_X0Y92
AP31,61,IO_L19P_T3L_N0_DBC_AD9P_61,1,IOB_X0Y91
AR30,61,IO_L20N_T3L_N3_AD1N_61,1,IOB_X0Y94
AP30,61,IO_L20P_T3L_N2_AD1P_61,1,IOB_X0Y93
AP29,61,IO_L21N_T3L_N5_AD8N_61,1,IOB_X0Y96
AN29,61,IO_L21P_T3L_N4_AD8P_61,1,IOB_X0Y95
AM30,61,IO_L22N_T3U_N7_DBC_AD0N_61,1,IOB_X0Y98
AM29,61,IO_L22P_T3U_N6_DBC_AD0P_61,1,IOB_X0Y97
AN31,61,IO_L23N_T3U_N9_61,1,IOB_X0Y100
AM31,61,IO_L23P_T3U_N8_61,1,IOB_X0Y99
AL30,61,IO_L24N_T3U_N11_61,1,IOB_X0Y102
AL29,61,IO_L24P_T3U_N10_61,1,IOB_X0Y101
BD38,62,IO_T0U_N12_VRP_62,1,IOB_X0Y116
BF35,62,IO_T1U_N12_62,1,IOB_X0Y129
AU34,62,IO_T2U_N12_62,1,IOB_X0Y142
AL33,62,IO_T3U_N12_62,1,IOB_X0Y155
BF40,62,IO_L1N_T0L_N1_DBC_62,1,IOB_X0Y105
BF39,62,IO_L1P_T0L_N0_DBC_62,1,IOB_X0Y104
BF38,62,IO_L2N_T0L_N3_62,1,IOB_X0Y107
BE38,62,IO_L2P_T0L_N2_62,1,IOB_X0Y106
BF37,62,IO_L3N_T0L_N5_AD15N_62,1,IOB_X0Y109
BE37,62,IO_L3P_T0L_N4_AD15P_62,1,IOB_X0Y108
BE40,62,IO_L4N_T0U_N7_DBC_AD7N_62,1,IOB_X0Y111
BD40,62,IO_L4P_T0U_N6_DBC_AD7P_62,1,IOB_X0Y110
BD39,62,IO_L5N_T0U_N9_AD14N_62,1,IOB_X0Y113
BC39,62,IO_L5P_T0U_N8_AD14P_62,1,IOB_X0Y112
BC38,62,IO_L6N_T0U_N11_AD6N_62,1,IOB_X0Y115
BB38,62,IO_L6P_T0U_N10_AD6P_62,1,IOB_X0Y114
BD34,62,IO_L7N_T1L_N1_QBC_AD13N_62,1,IOB_X0Y118
BC34,62,IO_L7P_T1L_N0_QBC_AD13P_62,1,IOB_X0Y117
BE35,62,IO_L8N_T1L_N3_AD5N_62,1,IOB_X0Y120
BD35,62,IO_L8P_T1L_N2_AD5P_62,1,IOB_X0Y119
BE36,62,IO_L9N_T1L_N5_AD12N_62,1,IOB_X0Y122
BD36,62,IO_L9P_T1L_N4_AD12P_62,1,IOB_X0Y121
BC37,62,IO_L10N_T1U_N7_QBC_AD4N_62,1,IOB_X0Y124
BB37,62,IO_L10P_T1U_N6_QBC_AD4P_62,1,IOB_X0Y123
BC36,62,IO_L11N_T1U_N9_GC_62,1,IOB_X0Y126
BB36,62,IO_L11P_T1U_N8_GC_62,1,IOB_X0Y125
BB35,62,IO_L12N_T1U_N11_GC_62,1,IOB_X0Y128
BA35,62,IO_L12P_T1U_N10_GC_62,1,IOB_X0Y127
BB34,62,IO_L13N_T2L_N1_GC_QBC_62,1,IOB_X0Y131
BA34,62,IO_L13P_T2L_N0_GC_QBC_62,1,IOB_X0Y130
AY36,62,IO_L14N_T2L_N3_GC_62,1,IOB_X0Y133
AY35,62,IO_L14P_T2L_N2_GC_62,1,IOB_X0Y132
BA33,62,IO_L15N_T2L_N5_AD11N_62,1,IOB_X0Y135
AY33,62,IO_L15P_T2L_N4_AD11P_62,1,IOB_X0Y134
AW36,62,IO_L16N_T2U_N7_QBC_AD3N_62,1,IOB_X0Y137
AW35,62,IO_L16P_T2U_N6_QBC_AD3P_62,1,IOB_X0Y136
AW34,62,IO_L17N_T2U_N9_AD10N_62,1,IOB_X0Y139
AV34,62,IO_L17P_T2U_N8_AD10P_62,1,IOB_X0Y138
AW33,62,IO_L18N_T2U_N11_AD2N_62,1,IOB_X0Y141
AV33,62,IO_L18P_T2U_N10_AD2P_62,1,IOB_X0Y140
AT34,62,IO_L19N_T3L_N1_DBC_AD9N_62,1,IOB_X0Y144
AT33,62,IO_L19P_T3L_N0_DBC_AD9P_62,1,IOB_X0Y143
AR33,62,IO_L20N_T3L_N3_AD1N_62,1,IOB_X0Y146
AP33,62,IO_L20P_T3L_N2_AD1P_62,1,IOB_X0Y145
AP34,62,IO_L21N_T3L_N5_AD8N_62,1,IOB_X0Y148
AN34,62,IO_L21P_T3L_N4_AD8P_62,1,IOB_X0Y147
AN33,62,IO_L22N_T3U_N7_DBC_AD0N_62,1,IOB_X0Y150
AN32,62,IO_L22P_T3U_N6_DBC_AD0P_62,1,IOB_X0Y149
AM32,62,IO_L23N_T3U_N9_62,1,IOB_X0Y152
AL32,62,IO_L23P_T3U_N8_62,1,IOB_X0Y151
AM34,62,IO_L24N_T3U_N11_62,1,IOB_X0Y154
AL34,62,IO_L24P_T3U_N10_62,1,IOB_X0Y153
AK26,63,IO_T0U_N12_VRP_63,1,IOB_X0Y168
AK32,63,IO_T1U_N12_63,1,IOB_X0Y181
AD30,63,IO_T2U_N12_63,1,IOB_X0Y194
AB32,63,IO_T3U_N12_63,1,IOB_X0Y207
AK27,63,IO_L1N_T0L_N1_DBC_63,1,IOB_X0Y157
AJ27,63,IO_L1P_T0L_N0_DBC_63,1,IOB_X0Y156
AK28,63,IO_L2N_T0L_N3_63,1,IOB_X0Y159
AJ28,63,IO_L2P_T0L_N2_63,1,IOB_X0Y158
AJ30,63,IO_L3N_T0L_N5_AD15N_63,1,IOB_X0Y161
AJ29,63,IO_L3P_T0L_N4_AD15P_63,1,IOB_X0Y160
AH29,63,IO_L4N_T0U_N7_DBC_AD7N_63,1,IOB_X0Y163
AH28,63,IO_L4P_T0U_N6_DBC_AD7P_63,1,IOB_X0Y162
AG30,63,IO_L5N_T0U_N9_AD14N_63,1,IOB_X0Y165
AG29,63,IO_L5P_T0U_N8_AD14P_63,1,IOB_X0Y164
AK31,63,IO_L6N_T0U_N11_AD6N_63,1,IOB_X0Y167
AJ31,63,IO_L6P_T0U_N10_AD6P_63,1,IOB_X0Y166
AJ34,63,IO_L7N_T1L_N1_QBC_AD13N_63,1,IOB_X0Y170
AH34,63,IO_L7P_T1L_N0_QBC_AD13P_63,1,IOB_X0Y169
AJ33,63,IO_L8N_T1L_N3_AD5N_63,1,IOB_X0Y172
AH33,63,IO_L8P_T1L_N2_AD5P_63,1,IOB_X0Y171
AG34,63,IO_L9N_T1L_N5_AD12N_63,1,IOB_X0Y174
AF34,63,IO_L9P_T1L_N4_AD12P_63,1,IOB_X0Y173
AH32,63,IO_L10N_T1U_N7_QBC_AD4N_63,1,IOB_X0Y176
AH31,63,IO_L10P_T1U_N6_QBC_AD4P_63,1,IOB_X0Y175
AG32,63,IO_L11N_T1U_N9_GC_63,1,IOB_X0Y178
AG31,63,IO_L11P_T1U_N8_GC_63,1,IOB_X0Y177
AF33,63,IO_L12N_T1U_N11_GC_63,1,IOB_X0Y180
AF32,63,IO_L12P_T1U_N10_GC_63,1,IOB_X0Y179
AE32,63,IO_L13N_T2L_N1_GC_QBC_63,1,IOB_X0Y183
AE31,63,IO_L13P_T2L_N0_GC_QBC_63,1,IOB_X0Y182
AE33,63,IO_L14N_T2L_N3_GC_63,1,IOB_X0Y185
AD33,63,IO_L14P_T2L_N2_GC_63,1,IOB_X0Y184
AF30,63,IO_L15N_T2L_N5_AD11N_63,1,IOB_X0Y187
AE30,63,IO_L15P_T2L_N4_AD11P_63,1,IOB_X0Y186
AD31,63,IO_L16N_T2U_N7_QBC_AD3N_63,1,IOB_X0Y189
AC31,63,IO_L16P_T2U_N6_QBC_AD3P_63,1,IOB_X0Y188
AC33,63,IO_L17N_T2U_N9_AD10N_63,1,IOB_X0Y191
AC32,63,IO_L17P_T2U_N8_AD10P_63,1,IOB_X0Y190
AD34,63,IO_L18N_T2U_N11_AD2N_63,1,IOB_X0Y193
AC34,63,IO_L18P_T2U_N10_AD2P_63,1,IOB_X0Y192
AA33,63,IO_L19N_T3L_N1_DBC_AD9N_63,1,IOB_X0Y196
AA32,63,IO_L19P_T3L_N0_DBC_AD9P_63,1,IOB_X0Y195
AB34,63,IO_L20N_T3L_N3_AD1N_63,1,IOB_X0Y198
AA34,63,IO_L20P_T3L_N2_AD1P_63,1,IOB_X0Y197
Y30,63,IO_L21N_T3L_N5_AD8N_63,1,IOB_X0Y200
W30,63,IO_L21P_T3L_N4_AD8P_63,1,IOB_X0Y199
Y31,63,IO_L22N_T3U_N7_DBC_AD0N_63,1,IOB_X0Y202
W31,63,IO_L22P_T3U_N6_DBC_AD0P_63,1,IOB_X0Y201
Y33,63,IO_L23N_T3U_N9_63,1,IOB_X0Y204
Y32,63,IO_L23P_T3U_N8_63,1,IOB_X0Y203
W34,63,IO_L24N_T3U_N11_63,1,IOB_X0Y206
W33,63,IO_L24P_T3U_N10_63,1,IOB_X0Y205
BF20,64,IO_T0U_N12_VRP_64,1,IOB_X0Y220
BC23,64,IO_T1U_N12_64,1,IOB_X0Y233
AR21,64,IO_T2U_N12_64,1,IOB_X0Y246
AP21,64,IO_T3U_N12_64,1,IOB_X0Y259
BF23,64,IO_L1N_T0L_N1_DBC_64,1,IOB_X0Y209
BF24,64,IO_L1P_T0L_N0_DBC_64,1,IOB_X0Y208
BE23,64,IO_L2N_T0L_N3_64,1,IOB_X0Y211
BD23,64,IO_L2P_T0L_N2_64,1,IOB_X0Y210
BD24,64,IO_L3N_T0L_N5_AD15N_64,1,IOB_X0Y213
BC24,64,IO_L3P_T0L_N4_AD15P_64,1,IOB_X0Y212
BF22,64,IO_L4N_T0U_N7_DBC_AD7N_64,1,IOB_X0Y215
BE22,64,IO_L4P_T0U_N6_DBC_AD7P_64,1,IOB_X0Y214
BE21,64,IO_L5N_T0U_N9_AD14N_64,1,IOB_X0Y217
BD21,64,IO_L5P_T0U_N8_AD14P_64,1,IOB_X0Y216
BE20,64,IO_L6N_T0U_N11_AD6N_64,1,IOB_X0Y219
BD20,64,IO_L6P_T0U_N10_AD6P_64,1,IOB_X0Y218
BB20,64,IO_L7N_T1L_N1_QBC_AD13N_64,1,IOB_X0Y222
BA20,64,IO_L7P_T1L_N0_QBC_AD13P_64,1,IOB_X0Y221
BC21,64,IO_L8N_T1L_N3_AD5N_64,1,IOB_X0Y224
BB21,64,IO_L8P_T1L_N2_AD5P_64,1,IOB_X0Y223
BC22,64,IO_L9N_T1L_N5_AD12N_64,1,IOB_X0Y226
BB22,64,IO_L9P_T1L_N4_AD12P_64,1,IOB_X0Y225
BB24,64,IO_L10N_T1U_N7_QBC_AD4N_64,1,IOB_X0Y228
BA24,64,IO_L10P_T1U_N6_QBC_AD4P_64,1,IOB_X0Y227
BA22,64,IO_L11N_T1U_N9_GC_64,1,IOB_X0Y230
AY22,64,IO_L11P_T1U_N8_GC_64,1,IOB_X0Y229
BA23,64,IO_L12N_T1U_N11_GC_64,1,IOB_X0Y232
AY23,64,IO_L12P_T1U_N10_GC_64,1,IOB_X0Y231
AW23,64,IO_L13N_T2L_N1_GC_QBC_64,1,IOB_X0Y235
AV23,64,IO_L13P_T2L_N0_GC_QBC_64,1,IOB_X0Y234
AW24,64,IO_L14N_T2L_N3_GC_64,1,IOB_X0Y237
AV24,64,IO_L14P_T2L_N2_GC_64,1,IOB_X0Y236
AV22,64,IO_L15N_T2L_N5_AD11N_64,1,IOB_X0Y239
AU22,64,IO_L15P_T2L_N4_AD11P_64,1,IOB_X0Y238
AT22,64,IO_L16N_T2U_N7_QBC_AD3N_64,1,IOB_X0Y241
AR22,64,IO_L16P_T2U_N6_QBC_AD3P_64,1,IOB_X0Y240
AT23,64,IO_L17N_T2U_N9_AD10N_64,1,IOB_X0Y243
AR23,64,IO_L17P_T2U_N8_AD10P_64,1,IOB_X0Y242
AU24,64,IO_L18N_T2U_N11_AD2N_64,1,IOB_X0Y245
AT24,64,IO_L18P_T2U_N10_AD2P_64,1,IOB_X0Y244
AN21,64,IO_L19N_T3L_N1_DBC_AD9N_64,1,IOB_X0Y248
AN22,64,IO_L19P_T3L_N0_DBC_AD9P_64,1,IOB_X0Y247
AP23,64,IO_L20N_T3L_N3_AD1N_64,1,IOB_X0Y250
AN23,64,IO_L20P_T3L_N2_AD1P_64,1,IOB_X0Y249
AP24,64,IO_L21N_T3L_N5_AD8N_64,1,IOB_X0Y252
AN24,64,IO_L21P_T3L_N4_AD8P_64,1,IOB_X0Y251
AM24,64,IO_L22N_T3U_N7_DBC_AD0N_64,1,IOB_X0Y254
AL24,64,IO_L22P_T3U_N6_DBC_AD0P_64,1,IOB_X0Y253
AM22,64,IO_L23N_T3U_N9_64,1,IOB_X0Y256
AL22,64,IO_L23P_T3U_N8_64,1,IOB_X0Y255
AM21,64,IO_L24N_T3U_N11_64,1,IOB_X0Y258
AL21,64,IO_L24P_T3U_N10_64,1,IOB_X0Y257
BD25,65,IO_T0U_N12_VRP_A28_65,1,IOB_X0Y272
BC28,65,IO_T1U_N12_SMBALERT_65,1,IOB_X0Y285
AU25,65,IO_T2U_N12_CSI_ADV_B_65,1,IOB_X0Y298
AR26,65,IO_T3U_N12_PERSTN0_65,1,IOB_X0Y311
BF29,65,IO_L1N_T0L_N1_DBC_RS1_65,1,IOB_X0Y261
BF28,65,IO_L1P_T0L_N0_DBC_RS0_65,1,IOB_X0Y260
BF27,65,IO_L2N_T0L_N3_FWE_FCS2_B_65,1,IOB_X0Y263
BE27,65,IO_L2P_T0L_N2_FOE_B_65,1,IOB_X0Y262
BE28,65,IO_L3N_T0L_N5_AD15N_A27_65,1,IOB_X0Y265
BD28,65,IO_L3P_T0L_N4_AD15P_A26_65,1,IOB_X0Y264
BE26,65,IO_L4N_T0U_N7_DBC_AD7N_A25_65,1,IOB_X0Y267
BD26,65,IO_L4P_T0U_N6_DBC_AD7P_A24_65,1,IOB_X0Y266
BF25,65,IO_L5N_T0U_N9_AD14N_A23_65,1,IOB_X0Y269
BE25,65,IO_L5P_T0U_N8_AD14P_A22_65,1,IOB_X0Y268
BC27,65,IO_L6N_T0U_N11_AD6N_A21_65,1,IOB_X0Y271
BC26,65,IO_L6P_T0U_N10_AD6P_A20_65,1,IOB_X0Y270
BB25,65,IO_L7N_T1L_N1_QBC_AD13N_A19_65,1,IOB_X0Y274
BA25,65,IO_L7P_T1L_N0_QBC_AD13P_A18_65,1,IOB_X0Y273
BB27,65,IO_L8N_T1L_N3_AD5N_A17_65,1,IOB_X0Y276
BB26,65,IO_L8P_T1L_N2_AD5P_A16_65,1,IOB_X0Y275
BA28,65,IO_L9N_T1L_N5_AD12N_A15_D31_65,1,IOB_X0Y278
BA27,65,IO_L9P_T1L_N4_AD12P_A14_D30_65,1,IOB_X0Y277
AY25,65,IO_L10N_T1U_N7_QBC_AD4N_A13_D29_65,1,IOB_X0Y280
AW25,65,IO_L10P_T1U_N6_QBC_AD4P_A12_D28_65,1,IOB_X0Y279
AY27,65,IO_L11N_T1U_N9_GC_A11_D27_65,1,IOB_X0Y282
AY26,65,IO_L11P_T1U_N8_GC_A10_D26_65,1,IOB_X0Y281
AY28,65,IO_L12N_T1U_N11_GC_A09_D25_65,1,IOB_X0Y284
AW28,65,IO_L12P_T1U_N10_GC_A08_D24_65,1,IOB_X0Y283
AW26,65,IO_L13N_T2L_N1_GC_QBC_A07_D23_65,1,IOB_X0Y287
AV26,65,IO_L13P_T2L_N0_GC_QBC_A06_D22_65,1,IOB_X0Y286
AV28,65,IO_L14N_T2L_N3_GC_A05_D21_65,1,IOB_X0Y289
AV27,65,IO_L14P_T2L_N2_GC_A04_D20_65,1,IOB_X0Y288
AU27,65,IO_L15N_T2L_N5_AD11N_A03_D19_65,1,IOB_X0Y291
AU26,65,IO_L15P_T2L_N4_AD11P_A02_D18_65,1,IOB_X0Y290
AT25,65,IO_L16N_T2U_N7_QBC_AD3N_A01_D17_65,1,IOB_X0Y293
AR25,65,IO_L16P_T2U_N6_QBC_AD3P_A00_D16_65,1,IOB_X0Y292
AT27,65,IO_L17N_T2U_N9_AD10N_D15_65,1,IOB_X0Y295
AR27,65,IO_L17P_T2U_N8_AD10P_D14_65,1,IOB_X0Y294
AT28,65,IO_L18N_T2U_N11_AD2N_D13_65,1,IOB_X0Y297
AR28,65,IO_L18P_T2U_N10_AD2P_D12_65,1,IOB_X0Y296
AP26,65,IO_L19N_T3L_N1_DBC_AD9N_D11_65,1,IOB_X0Y300
AP25,65,IO_L19P_T3L_N0_DBC_AD9P_D10_65,1,IOB_X0Y299
AP28,65,IO_L20N_T3L_N3_AD1N_D09_65,1,IOB_X0Y302
AN28,65,IO_L20P_T3L_N2_AD1P_D08_65,1,IOB_X0Y301
AM25,65,IO_L21N_T3L_N5_AD8N_D07_65,1,IOB_X0Y304
AL25,65,IO_L21P_T3L_N4_AD8P_D06_65,1,IOB_X0Y303
AN26,65,IO_L22N_T3U_N7_DBC_AD0N_D05_65,1,IOB_X0Y306
AM26,65,IO_L22P_T3U_N6_DBC_AD0P_D04_65,1,IOB_X0Y305
AN27,65,IO_L23N_T3U_N9_PERSTN1_I2C_SDA_65,1,IOB_X0Y308
AM27,65,IO_L23P_T3U_N8_I2C_SCLK_65,1,IOB_X0Y307
AL28,65,IO_L24N_T3U_N11_DOUT_CSO_B_65,1,IOB_X0Y310
AL27,65,IO_L24P_T3U_N10_EMCCLK_65,1,IOB_X0Y309
BA19,66,IO_T0U_N12_VRP_66,1,IOB_X0Y324
AV17,66,IO_T1U_N12_66,1,IOB_X0Y337
AU21,66,IO_T2U_N12_66,1,IOB_X0Y350
AP16,66,IO_T3U_N12_66,1,IOB_X0Y363
BF17,66,IO_L1N_T0L_N1_DBC_66,1,IOB_X0Y313
BE17,66,IO_L1P_T0L_N0_DBC_66,1,IOB_X0Y312
BF18,66,IO_L2N_T0L_N3_66,1,IOB_X0Y315
BF19,66,IO_L2P_T0L_N2_66,1,IOB_X0Y314
BE18,66,IO_L3N_T0L_N5_AD15N_66,1,IOB_X0Y317
BD18,66,IO_L3P_T0L_N4_AD15P_66,1,IOB_X0Y316
BD19,66,IO_L4N_T0U_N7_DBC_AD7N_66,1,IOB_X0Y319
BC19,66,IO_L4P_T0U_N6_DBC_AD7P_66,1,IOB_X0Y318
BC17,66,IO_L5N_T0U_N9_AD14N_66,1,IOB_X0Y321
BB17,66,IO_L5P_T0U_N8_AD14P_66,1,IOB_X0Y320
BC18,66,IO_L6N_T0U_N11_AD6N_66,1,IOB_X0Y323
BB19,66,IO_L6P_T0U_N10_AD6P_66,1,IOB_X0Y322
BA17,66,IO_L7N_T1L_N1_QBC_AD13N_66,1,IOB_X0Y326
AY17,66,IO_L7P_T1L_N0_QBC_AD13P_66,1,IOB_X0Y325
BA18,66,IO_L8N_T1L_N3_AD5N_66,1,IOB_X0Y328
AY18,66,IO_L8P_T1L_N2_AD5P_66,1,IOB_X0Y327
AY20,66,IO_L9N_T1L_N5_AD12N_66,1,IOB_X0Y330
AW20,66,IO_L9P_T1L_N4_AD12P_66,1,IOB_X0Y329
AW21,66,IO_L10N_T1U_N7_QBC_AD4N_66,1,IOB_X0Y332
AV21,66,IO_L10P_T1U_N6_QBC_AD4P_66,1,IOB_X0Y331
AW18,66,IO_L11N_T1U_N9_GC_66,1,IOB_X0Y334
AV18,66,IO_L11P_T1U_N8_GC_66,1,IOB_X0Y333
AW19,66,IO_L12N_T1U_N11_GC_66,1,IOB_X0Y336
AV19,66,IO_L12P_T1U_N10_GC_66,1,IOB_X0Y335
AU19,66,IO_L13N_T2L_N1_GC_QBC_66,1,IOB_X0Y339
AT19,66,IO_L13P_T2L_N0_GC_QBC_66,1,IOB_X0Y338
AU20,66,IO_L14N_T2L_N3_GC_66,1,IOB_X0Y341
AT20,66,IO_L14P_T2L_N2_GC_66,1,IOB_X0Y340
AU17,66,IO_L15N_T2L_N5_AD11N_66,1,IOB_X0Y343
AT18,66,IO_L15P_T2L_N4_AD11P_66,1,IOB_X0Y342
AT17,66,IO_L16N_T2U_N7_QBC_AD3N_66,1,IOB_X0Y345
AR17,66,IO_L16P_T2U_N6_QBC_AD3P_66,1,IOB_X0Y344
AR18,66,IO_L17N_T2U_N9_AD10N_66,1,IOB_X0Y347
AP18,66,IO_L17P_T2U_N8_AD10P_66,1,IOB_X0Y346
AR20,66,IO_L18N_T2U_N11_AD2N_66,1,IOB_X0Y349
AP20,66,IO_L18P_T2U_N10_AD2P_66,1,IOB_X0Y348
AN17,66,IO_L19N_T3L_N1_DBC_AD9N_66,1,IOB_X0Y352
AN18,66,IO_L19P_T3L_N0_DBC_AD9P_66,1,IOB_X0Y351
AP19,66,IO_L20N_T3L_N3_AD1N_66,1,IOB_X0Y354
AN19,66,IO_L20P_T3L_N2_AD1P_66,1,IOB_X0Y353
AN16,66,IO_L21N_T3L_N5_AD8N_66,1,IOB_X0Y356
AM16,66,IO_L21P_T3L_N4_AD8P_66,1,IOB_X0Y355
AM17,66,IO_L22N_T3U_N7_DBC_AD0N_66,1,IOB_X0Y358
AL17,66,IO_L22P_T3U_N6_DBC_AD0P_66,1,IOB_X0Y357
AM19,66,IO_L23N_T3U_N9_66,1,IOB_X0Y360
AL19,66,IO_L23P_T3U_N8_66,1,IOB_X0Y359
AM20,66,IO_L24N_T3U_N11_66,1,IOB_X0Y362
AL20,66,IO_L24P_T3U_N10_66,1,IOB_X0Y361
BC16,67,IO_T0U_N12_VRP_67,1,IOB_X0Y376
BB16,67,IO_T1U_N12_67,1,IOB_X0Y389
AT14,67,IO_T2U_N12_67,1,IOB_X0Y402
AT13,67,IO_T3U_N12_67,1,IOB_X0Y415
BF13,67,IO_L1N_T0L_N1_DBC_67,1,IOB_X0Y365
BF14,67,IO_L1P_T0L_N0_DBC_67,1,IOB_X0Y364
BF15,67,IO_L2N_T0L_N3_67,1,IOB_X0Y367
BE15,67,IO_L2P_T0L_N2_67,1,IOB_X0Y366
BE16,67,IO_L3N_T0L_N5_AD15N_67,1,IOB_X0Y369
BD16,67,IO_L3P_T0L_N4_AD15P_67,1,IOB_X0Y368
BE13,67,IO_L4N_T0U_N7_DBC_AD7N_67,1,IOB_X0Y371
BD13,67,IO_L4P_T0U_N6_DBC_AD7P_67,1,IOB_X0Y370
BD14,67,IO_L5N_T0U_N9_AD14N_67,1,IOB_X0Y373
BD15,67,IO_L5P_T0U_N8_AD14P_67,1,IOB_X0Y372
BC13,67,IO_L6N_T0U_N11_AD6N_67,1,IOB_X0Y375
BC14,67,IO_L6P_T0U_N10_AD6P_67,1,IOB_X0Y374
BB12,67,IO_L7N_T1L_N1_QBC_AD13N_67,1,IOB_X0Y378
BA12,67,IO_L7P_T1L_N0_QBC_AD13P_67,1,IOB_X0Y377
AY11,67,IO_L8N_T1L_N3_AD5N_67,1,IOB_X0Y380
AY12,67,IO_L8P_T1L_N2_AD5P_67,1,IOB_X0Y379
AY15,67,IO_L9N_T1L_N5_AD12N_67,1,IOB_X0Y382
AY16,67,IO_L9P_T1L_N4_AD12P_67,1,IOB_X0Y381
BB14,67,IO_L10N_T1U_N7_QBC_AD4N_67,1,IOB_X0Y384
BB15,67,IO_L10P_T1U_N6_QBC_AD4P_67,1,IOB_X0Y383
BA14,67,IO_L11N_T1U_N9_GC_67,1,IOB_X0Y386
BA15,67,IO_L11P_T1U_N8_GC_67,1,IOB_X0Y385
BA13,67,IO_L12N_T1U_N11_GC_67,1,IOB_X0Y388
AY13,67,IO_L12P_T1U_N10_GC_67,1,IOB_X0Y387
AW13,67,IO_L13N_T2L_N1_GC_QBC_67,1,IOB_X0Y391
AW14,67,IO_L13P_T2L_N0_GC_QBC_67,1,IOB_X0Y390
AW15,67,IO_L14N_T2L_N3_GC_67,1,IOB_X0Y393
AW16,67,IO_L14P_T2L_N2_GC_67,1,IOB_X0Y392
AV13,67,IO_L15N_T2L_N5_AD11N_67,1,IOB_X0Y395
AU13,67,IO_L15P_T2L_N4_AD11P_67,1,IOB_X0Y394
AV14,67,IO_L16N_T2U_N7_QBC_AD3N_67,1,IOB_X0Y397
AU14,67,IO_L16P_T2U_N6_QBC_AD3P_67,1,IOB_X0Y396
AU15,67,IO_L17N_T2U_N9_AD10N_67,1,IOB_X0Y399
AT15,67,IO_L17P_T2U_N8_AD10P_67,1,IOB_X0Y398
AV16,67,IO_L18N_T2U_N11_AD2N_67,1,IOB_X0Y401
AU16,67,IO_L18P_T2U_N10_AD2P_67,1,IOB_X0Y400
AR15,67,IO_L19N_T3L_N1_DBC_AD9N_67,1,IOB_X0Y404
AR16,67,IO_L19P_T3L_N0_DBC_AD9P_67,1,IOB_X0Y403
AP14,67,IO_L20N_T3L_N3_AD1N_67,1,IOB_X0Y406
AP15,67,IO_L20P_T3L_N2_AD1P_67,1,IOB_X0Y405
AN13,67,IO_L21N_T3L_N5_AD8N_67,1,IOB_X0Y408
AN14,67,IO_L21P_T3L_N4_AD8P_67,1,IOB_X0Y407
AR13,67,IO_L22N_T3U_N7_DBC_AD0N_67,1,IOB_X0Y410
AP13,67,IO_L22P_T3U_N6_DBC_AD0P_67,1,IOB_X0Y409
AM15,67,IO_L23N_T3U_N9_67,1,IOB_X0Y412
AL15,67,IO_L23P_T3U_N8_67,1,IOB_X0Y411
AM14,67,IO_L24N_T3U_N11_67,1,IOB_X0Y414
AL14,67,IO_L24P_T3U_N10_67,1,IOB_X0Y413
BD10,68,IO_T0U_N12_VRP_68,1,IOB_X0Y428
BD11,68,IO_T1U_N12_68,1,IOB_X0Y441
BF7,68,IO_L1N_T0L_N1_DBC_68,1,IOB_X0Y417
BE7,68,IO_L1P_T0L_N0_DBC_68,1,IOB_X0Y416
BF8,68,IO_L2N_T0L_N3_68,1,IOB_X0Y419
BE8,68,IO_L2P_T0L_N2_68,1,IOB_X0Y418
BF9,68,IO_L3N_T0L_N5_AD15N_68,1,IOB_X0Y421
BF10,68,IO_L3P_T0L_N4_AD15P_68,1,IOB_X0Y420
BE10,68,IO_L4N_T0U_N7_DBC_AD7N_68,1,IOB_X0Y423
BE11,68,IO_L4P_T0U_N6_DBC_AD7P_68,1,IOB_X0Y422
BF12,68,IO_L5N_T0U_N9_AD14N_68,1,IOB_X0Y425
BE12,68,IO_L5P_T0U_N8_AD14P_68,1,IOB_X0Y424
BD8,68,IO_L6N_T0U_N11_AD6N_68,1,IOB_X0Y427
BD9,68,IO_L6P_T0U_N10_AD6P_68,1,IOB_X0Y426
BC11,68,IO_L7N_T1L_N1_QBC_AD13N_68,1,IOB_X0Y430
BC12,68,IO_L7P_T1L_N0_QBC_AD13P_68,1,IOB_X0Y429
BB10,68,IO_L8N_T1L_N3_AD5N_68,1,IOB_X0Y432
BB11,68,IO_L8P_T1L_N2_AD5P_68,1,IOB_X0Y431
BC7,68,IO_L9N_T1L_N5_AD12N_68,1,IOB_X0Y434
BC8,68,IO_L9P_T1L_N4_AD12P_68,1,IOB_X0Y433
BB7,68,IO_L10N_T1U_N7_QBC_AD4N_68,1,IOB_X0Y436
BA7,68,IO_L10P_T1U_N6_QBC_AD4P_68,1,IOB_X0Y435
BC9,68,IO_L11N_T1U_N9_GC_68,1,IOB_X0Y438
BB9,68,IO_L11P_T1U_N8_GC_68,1,IOB_X0Y437
BA8,68,IO_L12N_T1U_N11_GC_68,1,IOB_X0Y440
BA9,68,IO_L12P_T1U_N10_GC_68,1,IOB_X0Y439
V34,69,IO_T0U_N12_VRP_69,1,IOB_X0Y480
P33,69,IO_T1U_N12_69,1,IOB_X0Y493
K34,69,IO_T2U_N12_69,1,IOB_X0Y506
E31,69,IO_T3U_N12_69,1,IOB_X0Y519
T34,69,IO_L1N_T0L_N1_DBC_69,1,IOB_X0Y469
U34,69,IO_L1P_T0L_N0_DBC_69,1,IOB_X0Y468
R33,69,IO_L2N_T0L_N3_69,1,IOB_X0Y471
T33,69,IO_L2P_T0L_N2_69,1,IOB_X0Y470
T32,69,IO_L3N_T0L_N5_AD15N_69,1,IOB_X0Y473
U32,69,IO_L3P_T0L_N4_AD15P_69,1,IOB_X0Y472
V33,69,IO_L4N_T0U_N7_DBC_AD7N_69,1,IOB_X0Y475
V32,69,IO_L4P_T0U_N6_DBC_AD7P_69,1,IOB_X0Y474
U31,69,IO_L5N_T0U_N9_AD14N_69,1,IOB_X0Y477
V31,69,IO_L5P_T0U_N8_AD14P_69,1,IOB_X0Y476
T30,69,IO_L6N_T0U_N11_AD6N_69,1,IOB_X0Y479
U30,69,IO_L6P_T0U_N10_AD6P_69,1,IOB_X0Y478
P30,69,IO_L7N_T1L_N1_QBC_AD13N_69,1,IOB_X0Y482
R30,69,IO_L7P_T1L_N0_QBC_AD13P_69,1,IOB_X0Y481
R32,69,IO_L8N_T1L_N3_AD5N_69,1,IOB_X0Y484
R31,69,IO_L8P_T1L_N2_AD5P_69,1,IOB_X0Y483
N34,69,IO_L9N_T1L_N5_AD12N_69,1,IOB_X0Y486
P34,69,IO_L9P_T1L_N4_AD12P_69,1,IOB_X0Y485
L34,69,IO_L10N_T1U_N7_QBC_AD4N_69,1,IOB_X0Y488
M34,69,IO_L10P_T1U_N6_QBC_AD4P_69,1,IOB_X0Y487
N31,69,IO_L11N_T1U_N9_GC_69,1,IOB_X0Y490
P31,69,IO_L11P_T1U_N8_GC_69,1,IOB_X0Y489
N33,69,IO_L12N_T1U_N11_GC_69,1,IOB_X0Y492
N32,69,IO_L12P_T1U_N10_GC_69,1,IOB_X0Y491
M32,69,IO_L13N_T2L_N1_GC_QBC_69,1,IOB_X0Y495
M31,69,IO_L13P_T2L_N0_GC_QBC_69,1,IOB_X0Y494
K32,69,IO_L14N_T2L_N3_GC_69,1,IOB_X0Y497
L32,69,IO_L14P_T2L_N2_GC_69,1,IOB_X0Y496
L30,69,IO_L15N_T2L_N5_AD11N_69,1,IOB_X0Y499
M30,69,IO_L15P_T2L_N4_AD11P_69,1,IOB_X0Y498
J30,69,IO_L16N_T2U_N7_QBC_AD3N_69,1,IOB_X0Y501
K30,69,IO_L16P_T2U_N6_QBC_AD3P_69,1,IOB_X0Y500
J31,69,IO_L17N_T2U_N9_AD10N_69,1,IOB_X0Y503
K31,69,IO_L17P_T2U_N8_AD10P_69,1,IOB_X0Y502
K33,69,IO_L18N_T2U_N11_AD2N_69,1,IOB_X0Y505
L33,69,IO_L18P_T2U_N10_AD2P_69,1,IOB_X0Y504
F30,69,IO_L19N_T3L_N1_DBC_AD9N_69,1,IOB_X0Y508
G30,69,IO_L19P_T3L_N0_DBC_AD9P_69,1,IOB_X0Y507
G31,69,IO_L20N_T3L_N3_AD1N_69,1,IOB_X0Y510
H31,69,IO_L20P_T3L_N2_AD1P_69,1,IOB_X0Y509
G32,69,IO_L21N_T3L_N5_AD8N_69,1,IOB_X0Y512
H32,69,IO_L21P_T3L_N4_AD8P_69,1,IOB_X0Y511
H33,69,IO_L22N_T3U_N7_DBC_AD0N_69,1,IOB_X0Y514
J33,69,IO_L22P_T3U_N6_DBC_AD0P_69,1,IOB_X0Y513
E32,69,IO_L23N_T3U_N9_69,1,IOB_X0Y516
F32,69,IO_L23P_T3U_N8_69,1,IOB_X0Y515
E33,69,IO_L24N_T3U_N11_69,1,IOB_X0Y518
F33,69,IO_L24P_T3U_N10_69,1,IOB_X0Y517
G35,70,IO_T0U_N12_VRP_70,1,IOB_X0Y532
F38,70,IO_T1U_N12_70,1,IOB_X0Y545
E37,70,IO_T2U_N12_70,1,IOB_X0Y558
B31,70,IO_T3U_N12_70,1,IOB_X0Y571
H38,70,IO_L1N_T0L_N1_DBC_70,1,IOB_X0Y521
H37,70,IO_L1P_T0L_N0_DBC_70,1,IOB_X0Y520
F37,70,IO_L2N_T0L_N3_70,1,IOB_X0Y523
G37,70,IO_L2P_T0L_N2_70,1,IOB_X0Y522
J36,70,IO_L3N_T0L_N5_AD15N_70,1,IOB_X0Y525
J35,70,IO_L3P_T0L_N4_AD15P_70,1,IOB_X0Y524
G36,70,IO_L4N_T0U_N7_DBC_AD7N_70,1,IOB_X0Y527
H36,70,IO_L4P_T0U_N6_DBC_AD7P_70,1,IOB_X0Y526
G34,70,IO_L5N_T0U_N9_AD14N_70,1,IOB_X0Y529
H34,70,IO_L5P_T0U_N8_AD14P_70,1,IOB_X0Y528
F35,70,IO_L6N_T0U_N11_AD6N_70,1,IOB_X0Y531
F34,70,IO_L6P_T0U_N10_AD6P_70,1,IOB_X0Y530
D40,70,IO_L7N_T1L_N1_QBC_AD13N_70,1,IOB_X0Y534
E40,70,IO_L7P_T1L_N0_QBC_AD13P_70,1,IOB_X0Y533
D39,70,IO_L8N_T1L_N3_AD5N_70,1,IOB_X0Y536
E39,70,IO_L8P_T1L_N2_AD5P_70,1,IOB_X0Y535
A40,70,IO_L9N_T1L_N5_AD12N_70,1,IOB_X0Y538
B40,70,IO_L9P_T1L_N4_AD12P_70,1,IOB_X0Y537
A39,70,IO_L10N_T1U_N7_QBC_AD4N_70,1,IOB_X0Y540
B39,70,IO_L10P_T1U_N6_QBC_AD4P_70,1,IOB_X0Y539
D38,70,IO_L11N_T1U_N9_GC_70,1,IOB_X0Y542
E38,70,IO_L11P_T1U_N8_GC_70,1,IOB_X0Y541
C39,70,IO_L12N_T1U_N11_GC_70,1,IOB_X0Y544
C38,70,IO_L12P_T1U_N10_GC_70,1,IOB_X0Y543
C37,70,IO_L13N_T2L_N1_GC_QBC_70,1,IOB_X0Y547
C36,70,IO_L13P_T2L_N0_GC_QBC_70,1,IOB_X0Y546
D36,70,IO_L14N_T2L_N3_GC_70,1,IOB_X0Y549
E36,70,IO_L14P_T2L_N2_GC_70,1,IOB_X0Y548
A38,70,IO_L15N_T2L_N5_AD11N_70,1,IOB_X0Y551
A37,70,IO_L15P_T2L_N4_AD11P_70,1,IOB_X0Y550
B37,70,IO_L16N_T2U_N7_QBC_AD3N_70,1,IOB_X0Y553
B36,70,IO_L16P_T2U_N6_QBC_AD3P_70,1,IOB_X0Y552
A35,70,IO_L17N_T2U_N9_AD10N_70,1,IOB_X0Y555
B35,70,IO_L17P_T2U_N8_AD10P_70,1,IOB_X0Y554
D35,70,IO_L18N_T2U_N11_AD2N_70,1,IOB_X0Y557
E35,70,IO_L18P_T2U_N10_AD2P_70,1,IOB_X0Y556
A34,70,IO_L19N_T3L_N1_DBC_AD9N_70,1,IOB_X0Y560
B34,70,IO_L19P_T3L_N0_DBC_AD9P_70,1,IOB_X0Y559
C34,70,IO_L20N_T3L_N3_AD1N_70,1,IOB_X0Y562
D34,70,IO_L20P_T3L_N2_AD1P_70,1,IOB_X0Y561
C33,70,IO_L21N_T3L_N5_AD8N_70,1,IOB_X0Y564
D33,70,IO_L21P_T3L_N4_AD8P_70,1,IOB_X0Y563
A33,70,IO_L22N_T3U_N7_DBC_AD0N_70,1,IOB_X0Y566
A32,70,IO_L22P_T3U_N6_DBC_AD0P_70,1,IOB_X0Y565
B32,70,IO_L23N_T3U_N9_70,1,IOB_X0Y568
C32,70,IO_L23P_T3U_N8_70,1,IOB_X0Y567
C31,70,IO_L24N_T3U_N11_70,1,IOB_X0Y570
D31,70,IO_L24P_T3U_N10_70,1,IOB_X0Y569
N27,71,IO_T0U_N12_VRP_71,1,IOB_X0Y584
M26,71,IO_T1U_N12_71,1,IOB_X0Y597
E26,71,IO_T2U_N12_71,1,IOB_X0Y610
C28,71,IO_T3U_N12_71,1,IOB_X0Y623
R28,71,IO_L1N_T0L_N1_DBC_71,1,IOB_X0Y573
T28,71,IO_L1P_T0L_N0_DBC_71,1,IOB_X0Y572
R27,71,IO_L2N_T0L_N3_71,1,IOB_X0Y575
T27,71,IO_L2P_T0L_N2_71,1,IOB_X0Y574
R26,71,IO_L3N_T0L_N5_AD15N_71,1,IOB_X0Y577
T26,71,IO_L3P_T0L_N4_AD15P_71,1,IOB_X0Y576
N29,71,IO_L4N_T0U_N7_DBC_AD7N_71,1,IOB_X0Y579
P29,71,IO_L4P_T0U_N6_DBC_AD7P_71,1,IOB_X0Y578
N28,71,IO_L5N_T0U_N9_AD14N_71,1,IOB_X0Y581
P28,71,IO_L5P_T0U_N8_AD14P_71,1,IOB_X0Y580
N26,71,IO_L6N_T0U_N11_AD6N_71,1,IOB_X0Y583
P26,71,IO_L6P_T0U_N10_AD6P_71,1,IOB_X0Y582
L29,71,IO_L7N_T1L_N1_QBC_AD13N_71,1,IOB_X0Y586
M29,71,IO_L7P_T1L_N0_QBC_AD13P_71,1,IOB_X0Y585
K28,71,IO_L8N_T1L_N3_AD5N_71,1,IOB_X0Y588
L28,71,IO_L8P_T1L_N2_AD5P_71,1,IOB_X0Y587
L27,71,IO_L9N_T1L_N5_AD12N_71,1,IOB_X0Y590
M27,71,IO_L9P_T1L_N4_AD12P_71,1,IOB_X0Y589
K27,71,IO_L10N_T1U_N7_QBC_AD4N_71,1,IOB_X0Y592
K26,71,IO_L10P_T1U_N6_QBC_AD4P_71,1,IOB_X0Y591
H28,71,IO_L11N_T1U_N9_GC_71,1,IOB_X0Y594
H27,71,IO_L11P_T1U_N8_GC_71,1,IOB_X0Y593
J29,71,IO_L12N_T1U_N11_GC_71,1,IOB_X0Y596
J28,71,IO_L12P_T1U_N10_GC_71,1,IOB_X0Y595
H26,71,IO_L13N_T2L_N1_GC_QBC_71,1,IOB_X0Y599
J26,71,IO_L13P_T2L_N0_GC_QBC_71,1,IOB_X0Y598
G27,71,IO_L14N_T2L_N3_GC_71,1,IOB_X0Y601
G26,71,IO_L14P_T2L_N2_GC_71,1,IOB_X0Y600
G29,71,IO_L15N_T2L_N5_AD11N_71,1,IOB_X0Y603
H29,71,IO_L15P_T2L_N4_AD11P_71,1,IOB_X0Y602
F29,71,IO_L16N_T2U_N7_QBC_AD3N_71,1,IOB_X0Y605
F28,71,IO_L16P_T2U_N6_QBC_AD3P_71,1,IOB_X0Y604
E27,71,IO_L17N_T2U_N9_AD10N_71,1,IOB_X0Y607
F27,71,IO_L17P_T2U_N8_AD10P_71,1,IOB_X0Y606
D28,71,IO_L18N_T2U_N11_AD2N_71,1,IOB_X0Y609
E28,71,IO_L18P_T2U_N10_AD2P_71,1,IOB_X0Y608
B27,71,IO_L19N_T3L_N1_DBC_AD9N_71,1,IOB_X0Y612
C27,71,IO_L19P_T3L_N0_DBC_AD9P_71,1,IOB_X0Y611
C29,71,IO_L20N_T3L_N3_AD1N_71,1,IOB_X0Y614
D29,71,IO_L20P_T3L_N2_AD1P_71,1,IOB_X0Y613
D30,71,IO_L21N_T3L_N5_AD8N_71,1,IOB_X0Y616
E30,71,IO_L21P_T3L_N4_AD8P_71,1,IOB_X0Y615
A28,71,IO_L22N_T3U_N7_DBC_AD0N_71,1,IOB_X0Y618
A27,71,IO_L22P_T3U_N6_DBC_AD0P_71,1,IOB_X0Y617
A29,71,IO_L23N_T3U_N9_71,1,IOB_X0Y620
B29,71,IO_L23P_T3U_N8_71,1,IOB_X0Y619
A30,71,IO_L24N_T3U_N11_71,1,IOB_X0Y622
B30,71,IO_L24P_T3U_N10_71,1,IOB_X0Y621
M15,72,IO_T0U_N12_VRP_72,1,IOB_X0Y636
L15,72,IO_T1U_N12_72,1,IOB_X0Y649
D14,72,IO_T2U_N12_72,1,IOB_X0Y662
C17,72,IO_T3U_N12_72,1,IOB_X0Y675
N13,72,IO_L1N_T0L_N1_DBC_72,1,IOB_X0Y625
P13,72,IO_L1P_T0L_N0_DBC_72,1,IOB_X0Y624
N14,72,IO_L2N_T0L_N3_72,1,IOB_X0Y627
P14,72,IO_L2P_T0L_N2_72,1,IOB_X0Y626
P15,72,IO_L3N_T0L_N5_AD15N_72,1,IOB_X0Y629
R15,72,IO_L3P_T0L_N4_AD15P_72,1,IOB_X0Y628
P16,72,IO_L4N_T0U_N7_DBC_AD7N_72,1,IOB_X0Y631
R16,72,IO_L4P_T0U_N6_DBC_AD7P_72,1,IOB_X0Y630
L14,72,IO_L5N_T0U_N9_AD14N_72,1,IOB_X0Y633
M14,72,IO_L5P_T0U_N8_AD14P_72,1,IOB_X0Y632
M16,72,IO_L6N_T0U_N11_AD6N_72,1,IOB_X0Y635
N16,72,IO_L6P_T0U_N10_AD6P_72,1,IOB_X0Y634
K13,72,IO_L7N_T1L_N1_QBC_AD13N_72,1,IOB_X0Y638
L13,72,IO_L7P_T1L_N0_QBC_AD13P_72,1,IOB_X0Y637
K15,72,IO_L8N_T1L_N3_AD5N_72,1,IOB_X0Y640
K16,72,IO_L8P_T1L_N2_AD5P_72,1,IOB_X0Y639
H13,72,IO_L9N_T1L_N5_AD12N_72,1,IOB_X0Y642
J13,72,IO_L9P_T1L_N4_AD12P_72,1,IOB_X0Y641
H16,72,IO_L10N_T1U_N7_QBC_AD4N_72,1,IOB_X0Y644
H17,72,IO_L10P_T1U_N6_QBC_AD4P_72,1,IOB_X0Y643
H14,72,IO_L11N_T1U_N9_GC_72,1,IOB_X0Y646
J14,72,IO_L11P_T1U_N8_GC_72,1,IOB_X0Y645
J15,72,IO_L12N_T1U_N11_GC_72,1,IOB_X0Y648
J16,72,IO_L12P_T1U_N10_GC_72,1,IOB_X0Y647
F14,72,IO_L13N_T2L_N1_GC_QBC_72,1,IOB_X0Y651
G14,72,IO_L13P_T2L_N0_GC_QBC_72,1,IOB_X0Y650
F15,72,IO_L14N_T2L_N3_GC_72,1,IOB_X0Y653
G15,72,IO_L14P_T2L_N2_GC_72,1,IOB_X0Y652
E13,72,IO_L15N_T2L_N5_AD11N_72,1,IOB_X0Y655
F13,72,IO_L15P_T2L_N4_AD11P_72,1,IOB_X0Y654
G16,72,IO_L16N_T2U_N7_QBC_AD3N_72,1,IOB_X0Y657
G17,72,IO_L16P_T2U_N6_QBC_AD3P_72,1,IOB_X0Y656
D15,72,IO_L17N_T2U_N9_AD10N_72,1,IOB_X0Y659
E15,72,IO_L17P_T2U_N8_AD10P_72,1,IOB_X0Y658
D16,72,IO_L18N_T2U_N11_AD2N_72,1,IOB_X0Y661
E16,72,IO_L18P_T2U_N10_AD2P_72,1,IOB_X0Y660
C13,72,IO_L19N_T3L_N1_DBC_AD9N_72,1,IOB_X0Y664
D13,72,IO_L19P_T3L_N0_DBC_AD9P_72,1,IOB_X0Y663
B14,72,IO_L20N_T3L_N3_AD1N_72,1,IOB_X0Y666
C14,72,IO_L20P_T3L_N2_AD1P_72,1,IOB_X0Y665
A13,72,IO_L21N_T3L_N5_AD8N_72,1,IOB_X0Y668
A14,72,IO_L21P_T3L_N4_AD8P_72,1,IOB_X0Y667
A15,72,IO_L22N_T3U_N7_DBC_AD0N_72,1,IOB_X0Y670
B15,72,IO_L22P_T3U_N6_DBC_AD0P_72,1,IOB_X0Y669
B16,72,IO_L23N_T3U_N9_72,1,IOB_X0Y672
C16,72,IO_L23P_T3U_N8_72,1,IOB_X0Y671
A17,72,IO_L24N_T3U_N11_72,1,IOB_X0Y674
B17,72,IO_L24P_T3U_N10_72,1,IOB_X0Y673
R18,73,IO_T0U_N12_VRP_73,1,IOB_X0Y688
K21,73,IO_T1U_N12_73,1,IOB_X0Y701
G21,73,IO_T2U_N12_73,1,IOB_X0Y714
A18,73,IO_T3U_N12_73,1,IOB_X0Y727
M17,73,IO_L1N_T0L_N1_DBC_73,1,IOB_X0Y677
N17,73,IO_L1P_T0L_N0_DBC_73,1,IOB_X0Y676
N18,73,IO_L2N_T0L_N3_73,1,IOB_X0Y679
P18,73,IO_L2P_T0L_N2_73,1,IOB_X0Y678
M19,73,IO_L3N_T0L_N5_AD15N_73,1,IOB_X0Y681
M20,73,IO_L3P_T0L_N4_AD15P_73,1,IOB_X0Y680
N19,73,IO_L4N_T0U_N7_DBC_AD7N_73,1,IOB_X0Y683
P19,73,IO_L4P_T0U_N6_DBC_AD7P_73,1,IOB_X0Y682
P20,73,IO_L5N_T0U_N9_AD14N_73,1,IOB_X0Y685
R20,73,IO_L5P_T0U_N8_AD14P_73,1,IOB_X0Y684
M21,73,IO_L6N_T0U_N11_AD6N_73,1,IOB_X0Y687
N21,73,IO_L6P_T0U_N10_AD6P_73,1,IOB_X0Y686
K17,73,IO_L7N_T1L_N1_QBC_AD13N_73,1,IOB_X0Y690
L17,73,IO_L7P_T1L_N0_QBC_AD13P_73,1,IOB_X0Y689
L18,73,IO_L8N_T1L_N3_AD5N_73,1,IOB_X0Y692
L19,73,IO_L8P_T1L_N2_AD5P_73,1,IOB_X0Y691
K20,73,IO_L9N_T1L_N5_AD12N_73,1,IOB_X0Y694
L20,73,IO_L9P_T1L_N4_AD12P_73,1,IOB_X0Y693
H21,73,IO_L10N_T1U_N7_QBC_AD4N_73,1,IOB_X0Y696
J21,73,IO_L10P_T1U_N6_QBC_AD4P_73,1,IOB_X0Y695
J18,73,IO_L11N_T1U_N9_GC_73,1,IOB_X0Y698
K18,73,IO_L11P_T1U_N8_GC_73,1,IOB_X0Y697
J19,73,IO_L12N_T1U_N11_GC_73,1,IOB_X0Y700
J20,73,IO_L12P_T1U_N10_GC_73,1,IOB_X0Y699
H18,73,IO_L13N_T2L_N1_GC_QBC_73,1,IOB_X0Y703
H19,73,IO_L13P_T2L_N0_GC_QBC_73,1,IOB_X0Y702
G19,73,IO_L14N_T2L_N3_GC_73,1,IOB_X0Y705
G20,73,IO_L14P_T2L_N2_GC_73,1,IOB_X0Y704
F19,73,IO_L15N_T2L_N5_AD11N_73,1,IOB_X0Y707
F20,73,IO_L15P_T2L_N4_AD11P_73,1,IOB_X0Y706
E17,73,IO_L16N_T2U_N7_QBC_AD3N_73,1,IOB_X0Y709
E18,73,IO_L16P_T2U_N6_QBC_AD3P_73,1,IOB_X0Y708
E20,73,IO_L17N_T2U_N9_AD10N_73,1,IOB_X0Y711
E21,73,IO_L17P_T2U_N8_AD10P_73,1,IOB_X0Y710
F17,73,IO_L18N_T2U_N11_AD2N_73,1,IOB_X0Y713
F18,73,IO_L18P_T2U_N10_AD2P_73,1,IOB_X0Y712
C19,73,IO_L19N_T3L_N1_DBC_AD9N_73,1,IOB_X0Y716
D19,73,IO_L19P_T3L_N0_DBC_AD9P_73,1,IOB_X0Y715
D20,73,IO_L20N_T3L_N3_AD1N_73,1,IOB_X0Y718
D21,73,IO_L20P_T3L_N2_AD1P_73,1,IOB_X0Y717
B21,73,IO_L21N_T3L_N5_AD8N_73,1,IOB_X0Y720
C21,73,IO_L21P_T3L_N4_AD8P_73,1,IOB_X0Y719
C18,73,IO_L22N_T3U_N7_DBC_AD0N_73,1,IOB_X0Y722
D18,73,IO_L22P_T3U_N6_DBC_AD0P_73,1,IOB_X0Y721
A19,73,IO_L23N_T3U_N9_73,1,IOB_X0Y724
B19,73,IO_L23P_T3U_N8_73,1,IOB_X0Y723
A20,73,IO_L24N_T3U_N11_73,1,IOB_X0Y726
B20,73,IO_L24P_T3U_N10_73,1,IOB_X0Y725
R23,74,IO_T0U_N12_VRP_74,1,IOB_X0Y740
H22,74,IO_T1U_N12_74,1,IOB_X0Y753
F25,74,IO_T2U_N12_74,1,IOB_X0Y766
D26,74,IO_T3U_N12_74,1,IOB_X0Y779
P21,74,IO_L1N_T0L_N1_DBC_74,1,IOB_X0Y729
R21,74,IO_L1P_T0L_N0_DBC_74,1,IOB_X0Y728
M22,74,IO_L2N_T0L_N3_74,1,IOB_X0Y731
N22,74,IO_L2P_T0L_N2_74,1,IOB_X0Y730
N23,74,IO_L3N_T0L_N5_AD15N_74,1,IOB_X0Y733
P23,74,IO_L3P_T0L_N4_AD15P_74,1,IOB_X0Y732
N24,74,IO_L4N_T0U_N7_DBC_AD7N_74,1,IOB_X0Y735
P24,74,IO_L4P_T0U_N6_DBC_AD7P_74,1,IOB_X0Y734
M24,74,IO_L5N_T0U_N9_AD14N_74,1,IOB_X0Y737
M25,74,IO_L5P_T0U_N8_AD14P_74,1,IOB_X0Y736
P25,74,IO_L6N_T0U_N11_AD6N_74,1,IOB_X0Y739
R25,74,IO_L6P_T0U_N10_AD6P_74,1,IOB_X0Y738
L24,74,IO_L7N_T1L_N1_QBC_AD13N_74,1,IOB_X0Y742
L25,74,IO_L7P_T1L_N0_QBC_AD13P_74,1,IOB_X0Y741
K22,74,IO_L8N_T1L_N3_AD5N_74,1,IOB_X0Y744
L22,74,IO_L8P_T1L_N2_AD5P_74,1,IOB_X0Y743
K23,74,IO_L9N_T1L_N5_AD12N_74,1,IOB_X0Y746
L23,74,IO_L9P_T1L_N4_AD12P_74,1,IOB_X0Y745
J25,74,IO_L10N_T1U_N7_QBC_AD4N_74,1,IOB_X0Y748
K25,74,IO_L10P_T1U_N6_QBC_AD4P_74,1,IOB_X0Y747
H23,74,IO_L11N_T1U_N9_GC_74,1,IOB_X0Y750
J23,74,IO_L11P_T1U_N8_GC_74,1,IOB_X0Y749
H24,74,IO_L12N_T1U_N11_GC_74,1,IOB_X0Y752
J24,74,IO_L12P_T1U_N10_GC_74,1,IOB_X0Y751
G24,74,IO_L13N_T2L_N1_GC_QBC_74,1,IOB_X0Y755
G25,74,IO_L13P_T2L_N0_GC_QBC_74,1,IOB_X0Y754
F23,74,IO_L14N_T2L_N3_GC_74,1,IOB_X0Y757
F24,74,IO_L14P_T2L_N2_GC_74,1,IOB_X0Y756
F22,74,IO_L15N_T2L_N5_AD11N_74,1,IOB_X0Y759
G22,74,IO_L15P_T2L_N4_AD11P_74,1,IOB_X0Y758
E22,74,IO_L16N_T2U_N7_QBC_AD3N_74,1,IOB_X0Y761
E23,74,IO_L16P_T2U_N6_QBC_AD3P_74,1,IOB_X0Y760
D23,74,IO_L17N_T2U_N9_AD10N_74,1,IOB_X0Y763
D24,74,IO_L17P_T2U_N8_AD10P_74,1,IOB_X0Y762
D25,74,IO_L18N_T2U_N11_AD2N_74,1,IOB_X0Y765
E25,74,IO_L18P_T2U_N10_AD2P_74,1,IOB_X0Y764
B22,74,IO_L19N_T3L_N1_DBC_AD9N_74,1,IOB_X0Y768
C22,74,IO_L19P_T3L_N0_DBC_AD9P_74,1,IOB_X0Y767
C23,74,IO_L20N_T3L_N3_AD1N_74,1,IOB_X0Y770
C24,74,IO_L20P_T3L_N2_AD1P_74,1,IOB_X0Y769
B26,74,IO_L21N_T3L_N5_AD8N_74,1,IOB_X0Y772
C26,74,IO_L21P_T3L_N4_AD8P_74,1,IOB_X0Y771
A22,74,IO_L22N_T3U_N7_DBC_AD0N_74,1,IOB_X0Y774
A23,74,IO_L22P_T3U_N6_DBC_AD0P_74,1,IOB_X0Y773
A24,74,IO_L23N_T3U_N9_74,1,IOB_X0Y776
B24,74,IO_L23P_T3U_N8_74,1,IOB_X0Y775
A25,74,IO_L24N_T3U_N11_74,1,IOB_X0Y778
B25,74,IO_L24P_T3U_N10_74,1,IOB_X0Y777
BA41,124,MGTREFCLK0N_124,0,GTYE4_COMMON_X0Y4
BA40,124,MGTREFCLK0P_124,0,GTYE4_COMMON_X0Y4
BC46,124,MGTYRXN0_124,0,GTYE4_CHANNEL_X0Y16
BC45,124,MGTYRXP0_124,0,GTYE4_CHANNEL_X0Y16
BF43,124,MGTYTXN0_124,0,GTYE4_CHANNEL_X0Y16
BF42,124,MGTYTXP0_124,0,GTYE4_CHANNEL_X0Y16
AY39,124,MGTREFCLK1N_124,0,GTYE4_COMMON_X0Y4
AY38,124,MGTREFCLK1P_124,0,GTYE4_COMMON_X0Y4
BA46,124,MGTYRXN1_124,0,GTYE4_CHANNEL_X0Y17
BA45,124,MGTYRXP1_124,0,GTYE4_CHANNEL_X0Y17
BD43,124,MGTYTXN1_124,0,GTYE4_CHANNEL_X0Y17
BD42,124,MGTYTXP1_124,0,GTYE4_CHANNEL_X0Y17
AW46,124,MGTYRXN2_124,0,GTYE4_CHANNEL_X0Y18
AW45,124,MGTYRXP2_124,0,GTYE4_CHANNEL_X0Y18
BB43,124,MGTYTXN2_124,0,GTYE4_CHANNEL_X0Y18
BB42,124,MGTYTXP2_124,0,GTYE4_CHANNEL_X0Y18
AV44,124,MGTYRXN3_124,0,GTYE4_CHANNEL_X0Y19
AV43,124,MGTYRXP3_124,0,GTYE4_CHANNEL_X0Y19
AW41,124,MGTYTXN3_124,0,GTYE4_CHANNEL_X0Y19
AW40,124,MGTYTXP3_124,0,GTYE4_CHANNEL_X0Y19
AV39,125,MGTREFCLK0N_125,0,GTYE4_COMMON_X0Y5
AV38,125,MGTREFCLK0P_125,0,GTYE4_COMMON_X0Y5
AU46,125,MGTYRXN0_125,0,GTYE4_CHANNEL_X0Y20
AU45,125,MGTYRXP0_125,0,GTYE4_CHANNEL_X0Y20
AU41,125,MGTYTXN0_125,0,GTYE4_CHANNEL_X0Y20
AU40,125,MGTYTXP0_125,0,GTYE4_CHANNEL_X0Y20
AU37,125,MGTREFCLK1N_125,0,GTYE4_COMMON_X0Y5
AU36,125,MGTREFCLK1P_125,0,GTYE4_COMMON_X0Y5
AT44,125,MGTYRXN1_125,0,GTYE4_CHANNEL_X0Y21
AT43,125,MGTYRXP1_125,0,GTYE4_CHANNEL_X0Y21
AT39,125,MGTYTXN1_125,0,GTYE4_CHANNEL_X0Y21
AT38,125,MGTYTXP1_125,0,GTYE4_CHANNEL_X0Y21
AR46,125,MGTYRXN2_125,0,GTYE4_CHANNEL_X0Y22
AR45,125,MGTYRXP2_125,0,GTYE4_CHANNEL_X0Y22
AR41,125,MGTYTXN2_125,0,GTYE4_CHANNEL_X0Y22
AR40,125,MGTYTXP2_125,0,GTYE4_CHANNEL_X0Y22
AP44,125,MGTYRXN3_125,0,GTYE4_CHANNEL_X0Y23
AP43,125,MGTYRXP3_125,0,GTYE4_CHANNEL_X0Y23
AP39,125,MGTYTXN3_125,0,GTYE4_CHANNEL_X0Y23
AP38,125,MGTYTXP3_125,0,GTYE4_CHANNEL_X0Y23
AR37,126,MGTREFCLK0N_126,0,GTYE4_COMMON_X0Y6
AR36,126,MGTREFCLK0P_126,0,GTYE4_COMMON_X0Y6
AN46,126,MGTYRXN0_126,0,GTYE4_CHANNEL_X0Y24
AN45,126,MGTYRXP0_126,0,GTYE4_CHANNEL_X0Y24
AN41,126,MGTYTXN0_126,0,GTYE4_CHANNEL_X0Y24
AN40,126,MGTYTXP0_126,0,GTYE4_CHANNEL_X0Y24
AN37,126,MGTREFCLK1N_126,0,GTYE4_COMMON_X0Y6
AN36,126,MGTREFCLK1P_126,0,GTYE4_COMMON_X0Y6
AM44,126,MGTYRXN1_126,0,GTYE4_CHANNEL_X0Y25
AM43,126,MGTYRXP1_126,0,GTYE4_CHANNEL_X0Y25
AM39,126,MGTYTXN1_126,0,GTYE4_CHANNEL_X0Y25
AM38,126,MGTYTXP1_126,0,GTYE4_CHANNEL_X0Y25
AL46,126,MGTYRXN2_126,0,GTYE4_CHANNEL_X0Y26
AL45,126,MGTYRXP2_126,0,GTYE4_CHANNEL_X0Y26
AL41,126,MGTYTXN2_126,0,GTYE4_CHANNEL_X0Y26
AL40,126,MGTYTXP2_126,0,GTYE4_CHANNEL_X0Y26
AK44,126,MGTYRXN3_126,0,GTYE4_CHANNEL_X0Y27
AK43,126,MGTYRXP3_126,0,GTYE4_CHANNEL_X0Y27
AK39,126,MGTYTXN3_126,0,GTYE4_CHANNEL_X0Y27
AK38,126,MGTYTXP3_126,0,GTYE4_CHANNEL_X0Y27
AL37,127,MGTREFCLK0N_127,0,GTYE4_COMMON_X0Y7
AL36,127,MGTREFCLK0P_127,0,GTYE4_COMMON_X0Y7
AJ46,127,MGTYRXN0_127,0,GTYE4_CHANNEL_X0Y28
AJ45,127,MGTYRXP0_127,0,GTYE4_CHANNEL_X0Y28
AJ41,127,MGTYTXN0_127,0,GTYE4_CHANNEL_X0Y28
AJ40,127,MGTYTXP0_127,0,GTYE4_CHANNEL_X0Y28
AJ37,127,MGTREFCLK1N_127,0,GTYE4_COMMON_X0Y7
AJ36,127,MGTREFCLK1P_127,0,GTYE4_COMMON_X0Y7
AH44,127,MGTYRXN1_127,0,GTYE4_CHANNEL_X0Y29
AH43,127,MGTYRXP1_127,0,GTYE4_CHANNEL_X0Y29
AH39,127,MGTYTXN1_127,0,GTYE4_CHANNEL_X0Y29
AH38,127,MGTYTXP1_127,0,GTYE4_CHANNEL_X0Y29
AG46,127,MGTYRXN2_127,0,GTYE4_CHANNEL_X0Y30
AG45,127,MGTYRXP2_127,0,GTYE4_CHANNEL_X0Y30
AG41,127,MGTYTXN2_127,0,GTYE4_CHANNEL_X0Y30
AG40,127,MGTYTXP2_127,0,GTYE4_CHANNEL_X0Y30
AF44,127,MGTYRXN3_127,0,GTYE4_CHANNEL_X0Y31
AF43,127,MGTYRXP3_127,0,GTYE4_CHANNEL_X0Y31
AF39,127,MGTYTXN3_127,0,GTYE4_CHANNEL_X0Y31
AF38,127,MGTYTXP3_127,0,GTYE4_CHANNEL_X0Y31
AG37,128,MGTREFCLK0N_128,0,GTYE4_COMMON_X0Y8
AG36,128,MGTREFCLK0P_128,0,GTYE4_COMMON_X0Y8
AE46,128,MGTYRXN0_128,0,GTYE4_CHANNEL_X0Y32
AE45,128,MGTYRXP0_128,0,GTYE4_CHANNEL_X0Y32
AE41,128,MGTYTXN0_128,0,GTYE4_CHANNEL_X0Y32
AE40,128,MGTYTXP0_128,0,GTYE4_CHANNEL_X0Y32
AE37,128,MGTREFCLK1N_128,0,GTYE4_COMMON_X0Y8
AE36,128,MGTREFCLK1P_128,0,GTYE4_COMMON_X0Y8
AD44,128,MGTYRXN1_128,0,GTYE4_CHANNEL_X0Y33
AD43,128,MGTYRXP1_128,0,GTYE4_CHANNEL_X0Y33
AD39,128,MGTYTXN1_128,0,GTYE4_CHANNEL_X0Y33
AD38,128,MGTYTXP1_128,0,GTYE4_CHANNEL_X0Y33
AC46,128,MGTYRXN2_128,0,GTYE4_CHANNEL_X0Y34
AC45,128,MGTYRXP2_128,0,GTYE4_CHANNEL_X0Y34
AC41,128,MGTYTXN2_128,0,GTYE4_CHANNEL_X0Y34
AC40,128,MGTYTXP2_128,0,GTYE4_CHANNEL_X0Y34
AB44,128,MGTYRXN3_128,0,GTYE4_CHANNEL_X0Y35
AB43,128,MGTYRXP3_128,0,GTYE4_CHANNEL_X0Y35
AB39,128,MGTYTXN3_128,0,GTYE4_CHANNEL_X0Y35
AB38,128,MGTYTXP3_128,0,GTYE4_CHANNEL_X0Y35
AC37,129,MGTREFCLK0N_129,0,GTYE4_COMMON_X0Y9
AC36,129,MGTREFCLK0P_129,0,GTYE4_COMMON_X0Y9
AA46,129,MGTYRXN0_129,0,GTYE4_CHANNEL_X0Y36
AA45,129,MGTYRXP0_129,0,GTYE4_CHANNEL_X0Y36
AA41,129,MGTYTXN0_129,0,GTYE4_CHANNEL_X0Y36
AA40,129,MGTYTXP0_129,0,GTYE4_CHANNEL_X0Y36
AA37,129,MGTREFCLK1N_129,0,GTYE4_COMMON_X0Y9
AA36,129,MGTREFCLK1P_129,0,GTYE4_COMMON_X0Y9
Y44,129,MGTYRXN1_129,0,GTYE4_CHANNEL_X0Y37
Y43,129,MGTYRXP1_129,0,GTYE4_CHANNEL_X0Y37
Y39,129,MGTYTXN1_129,0,GTYE4_CHANNEL_X0Y37
Y38,129,MGTYTXP1_129,0,GTYE4_CHANNEL_X0Y37
W46,129,MGTYRXN2_129,0,GTYE4_CHANNEL_X0Y38
W45,129,MGTYRXP2_129,0,GTYE4_CHANNEL_X0Y38
W41,129,MGTYTXN2_129,0,GTYE4_CHANNEL_X0Y38
W40,129,MGTYTXP2_129,0,GTYE4_CHANNEL_X0Y38
V44,129,MGTYRXN3_129,0,GTYE4_CHANNEL_X0Y39
V43,129,MGTYRXP3_129,0,GTYE4_CHANNEL_X0Y39
V39,129,MGTYTXN3_129,0,GTYE4_CHANNEL_X0Y39
V38,129,MGTYTXP3_129,0,GTYE4_CHANNEL_X0Y39
W37,130,MGTREFCLK0N_130,0,GTYE4_COMMON_X0Y10
W36,130,MGTREFCLK0P_130,0,GTYE4_COMMON_X0Y10
U46,130,MGTYRXN0_130,0,GTYE4_CHANNEL_X0Y40
U45,130,MGTYRXP0_130,0,GTYE4_CHANNEL_X0Y40
U41,130,MGTYTXN0_130,0,GTYE4_CHANNEL_X0Y40
U40,130,MGTYTXP0_130,0,GTYE4_CHANNEL_X0Y40
U37,130,MGTREFCLK1N_130,0,GTYE4_COMMON_X0Y10
U36,130,MGTREFCLK1P_130,0,GTYE4_COMMON_X0Y10
T44,130,MGTYRXN1_130,0,GTYE4_CHANNEL_X0Y41
T43,130,MGTYRXP1_130,0,GTYE4_CHANNEL_X0Y41
T39,130,MGTYTXN1_130,0,GTYE4_CHANNEL_X0Y41
T38,130,MGTYTXP1_130,0,GTYE4_CHANNEL_X0Y41
R46,130,MGTYRXN2_130,0,GTYE4_CHANNEL_X0Y42
R45,130,MGTYRXP2_130,0,GTYE4_CHANNEL_X0Y42
R41,130,MGTYTXN2_130,0,GTYE4_CHANNEL_X0Y42
R40,130,MGTYTXP2_130,0,GTYE4_CHANNEL_X0Y42
P44,130,MGTYRXN3_130,0,GTYE4_CHANNEL_X0Y43
P43,130,MGTYRXP3_130,0,GTYE4_CHANNEL_X0Y43
P39,130,MGTYTXN3_130,0,GTYE4_CHANNEL_X0Y43
P38,130,MGTYTXP3_130,0,GTYE4_CHANNEL_X0Y43
R37,131,MGTREFCLK0N_131,0,GTYE4_COMMON_X0Y11
R36,131,MGTREFCLK0P_131,0,GTYE4_COMMON_X0Y11
N46,131,MGTYRXN0_131,0,GTYE4_CHANNEL_X0Y44
N45,131,MGTYRXP0_131,0,GTYE4_CHANNEL_X0Y44
N41,131,MGTYTXN0_131,0,GTYE4_CHANNEL_X0Y44
N40,131,MGTYTXP0_131,0,GTYE4_CHANNEL_X0Y44
N37,131,MGTREFCLK1N_131,0,GTYE4_COMMON_X0Y11
N36,131,MGTREFCLK1P_131,0,GTYE4_COMMON_X0Y11
M44,131,MGTYRXN1_131,0,GTYE4_CHANNEL_X0Y45
M43,131,MGTYRXP1_131,0,GTYE4_CHANNEL_X0Y45
M39,131,MGTYTXN1_131,0,GTYE4_CHANNEL_X0Y45
M38,131,MGTYTXP1_131,0,GTYE4_CHANNEL_X0Y45
L46,131,MGTYRXN2_131,0,GTYE4_CHANNEL_X0Y46
L45,131,MGTYRXP2_131,0,GTYE4_CHANNEL_X0Y46
L41,131,MGTYTXN2_131,0,GTYE4_CHANNEL_X0Y46
L40,131,MGTYTXP2_131,0,GTYE4_CHANNEL_X0Y46
K44,131,MGTYRXN3_131,0,GTYE4_CHANNEL_X0Y47
K43,131,MGTYRXP3_131,0,GTYE4_CHANNEL_X0Y47
J41,131,MGTYTXN3_131,0,GTYE4_CHANNEL_X0Y47
J40,131,MGTYTXP3_131,0,GTYE4_CHANNEL_X0Y47
L37,133,MGTREFCLK0N_133,0,GTYE4_COMMON_X0Y13
L36,133,MGTREFCLK0P_133,0,GTYE4_COMMON_X0Y13
J46,133,MGTYRXN0_133,0,GTYE4_CHANNEL_X0Y52
J45,133,MGTYRXP0_133,0,GTYE4_CHANNEL_X0Y52
G41,133,MGTYTXN0_133,0,GTYE4_CHANNEL_X0Y52
G40,133,MGTYTXP0_133,0,GTYE4_CHANNEL_X0Y52
K39,133,MGTREFCLK1N_133,0,GTYE4_COMMON_X0Y13
K38,133,MGTREFCLK1P_133,0,GTYE4_COMMON_X0Y13
H44,133,MGTYRXN1_133,0,GTYE4_CHANNEL_X0Y53
H43,133,MGTYRXP1_133,0,GTYE4_CHANNEL_X0Y53
E43,133,MGTYTXN1_133,0,GTYE4_CHANNEL_X0Y53
E42,133,MGTYTXP1_133,0,GTYE4_CHANNEL_X0Y53
F46,133,MGTYRXN2_133,0,GTYE4_CHANNEL_X0Y54
F45,133,MGTYRXP2_133,0,GTYE4_CHANNEL_X0Y54
C43,133,MGTYTXN2_133,0,GTYE4_CHANNEL_X0Y54
C42,133,MGTYTXP2_133,0,GTYE4_CHANNEL_X0Y54
D46,133,MGTYRXN3_133,0,GTYE4_CHANNEL_X0Y55
D45,133,MGTYRXP3_133,0,GTYE4_CHANNEL_X0Y55
A43,133,MGTYTXN3_133,0,GTYE4_CHANNEL_X0Y55
A42,133,MGTYTXP3_133,0,GTYE4_CHANNEL_X0Y55
AW8,224,MGTREFCLK0N_224,0,GTYE4_COMMON_X1Y4
AW9,224,MGTREFCLK0P_224,0,GTYE4_COMMON_X1Y4
BC1,224,MGTYRXN0_224,0,GTYE4_CHANNEL_X1Y16
BC2,224,MGTYRXP0_224,0,GTYE4_CHANNEL_X1Y16
BF4,224,MGTYTXN0_224,0,GTYE4_CHANNEL_X1Y16
BF5,224,MGTYTXP0_224,0,GTYE4_CHANNEL_X1Y16
AV10,224,MGTREFCLK1N_224,0,GTYE4_COMMON_X1Y4
AV11,224,MGTREFCLK1P_224,0,GTYE4_COMMON_X1Y4
BA1,224,MGTYRXN1_224,0,GTYE4_CHANNEL_X1Y17
BA2,224,MGTYRXP1_224,0,GTYE4_CHANNEL_X1Y17
BD4,224,MGTYTXN1_224,0,GTYE4_CHANNEL_X1Y17
BD5,224,MGTYTXP1_224,0,GTYE4_CHANNEL_X1Y17
AW3,224,MGTYRXN2_224,0,GTYE4_CHANNEL_X1Y18
AW4,224,MGTYRXP2_224,0,GTYE4_CHANNEL_X1Y18
BB4,224,MGTYTXN2_224,0,GTYE4_CHANNEL_X1Y18
BB5,224,MGTYTXP2_224,0,GTYE4_CHANNEL_X1Y18
AV1,224,MGTYRXN3_224,0,GTYE4_CHANNEL_X1Y19
AV2,224,MGTYRXP3_224,0,GTYE4_CHANNEL_X1Y19
AV6,224,MGTYTXN3_224,0,GTYE4_CHANNEL_X1Y19
AV7,224,MGTYTXP3_224,0,GTYE4_CHANNEL_X1Y19
AT10,225,MGTREFCLK0N_225,0,GTYE4_COMMON_X1Y5
AT11,225,MGTREFCLK0P_225,0,GTYE4_COMMON_X1Y5
AU3,225,MGTYRXN0_225,0,GTYE4_CHANNEL_X1Y20
AU4,225,MGTYRXP0_225,0,GTYE4_CHANNEL_X1Y20
AU8,225,MGTYTXN0_225,0,GTYE4_CHANNEL_X1Y20
AU9,225,MGTYTXP0_225,0,GTYE4_CHANNEL_X1Y20
AP10,225,MGTREFCLK1N_225,0,GTYE4_COMMON_X1Y5
AP11,225,MGTREFCLK1P_225,0,GTYE4_COMMON_X1Y5
AT1,225,MGTYRXN1_225,0,GTYE4_CHANNEL_X1Y21
AT2,225,MGTYRXP1_225,0,GTYE4_CHANNEL_X1Y21
AT6,225,MGTYTXN1_225,0,GTYE4_CHANNEL_X1Y21
AT7,225,MGTYTXP1_225,0,GTYE4_CHANNEL_X1Y21
AR3,225,MGTYRXN2_225,0,GTYE4_CHANNEL_X1Y22
AR4,225,MGTYRXP2_225,0,GTYE4_CHANNEL_X1Y22
AR8,225,MGTYTXN2_225,0,GTYE4_CHANNEL_X1Y22
AR9,225,MGTYTXP2_225,0,GTYE4_CHANNEL_X1Y22
AP1,225,MGTYRXN3_225,0,GTYE4_CHANNEL_X1Y23
AP2,225,MGTYRXP3_225,0,GTYE4_CHANNEL_X1Y23
AP6,225,MGTYTXN3_225,0,GTYE4_CHANNEL_X1Y23
AP7,225,MGTYTXP3_225,0,GTYE4_CHANNEL_X1Y23
AM10,226,MGTREFCLK0N_226,0,GTYE4_COMMON_X1Y6
AM11,226,MGTREFCLK0P_226,0,GTYE4_COMMON_X1Y6
AN3,226,MGTYRXN0_226,0,GTYE4_CHANNEL_X1Y24
AN4,226,MGTYRXP0_226,0,GTYE4_CHANNEL_X1Y24
AN8,226,MGTYTXN0_226,0,GTYE4_CHANNEL_X1Y24
AN9,226,MGTYTXP0_226,0,GTYE4_CHANNEL_X1Y24
AK10,226,MGTREFCLK1N_226,0,GTYE4_COMMON_X1Y6
AK11,226,MGTREFCLK1P_226,0,GTYE4_COMMON_X1Y6
AM1,226,MGTYRXN1_226,0,GTYE4_CHANNEL_X1Y25
AM2,226,MGTYRXP1_226,0,GTYE4_CHANNEL_X1Y25
AM6,226,MGTYTXN1_226,0,GTYE4_CHANNEL_X1Y25
AM7,226,MGTYTXP1_226,0,GTYE4_CHANNEL_X1Y25
AL3,226,MGTYRXN2_226,0,GTYE4_CHANNEL_X1Y26
AL4,226,MGTYRXP2_226,0,GTYE4_CHANNEL_X1Y26
AL8,226,MGTYTXN2_226,0,GTYE4_CHANNEL_X1Y26
AL9,226,MGTYTXP2_226,0,GTYE4_CHANNEL_X1Y26
AK1,226,MGTYRXN3_226,0,GTYE4_CHANNEL_X1Y27
AK2,226,MGTYRXP3_226,0,GTYE4_CHANNEL_X1Y27
AK6,226,MGTYTXN3_226,0,GTYE4_CHANNEL_X1Y27
AK7,226,MGTYTXP3_226,0,GTYE4_CHANNEL_X1Y27
AH10,227,MGTREFCLK0N_227,0,GTYE4_COMMON_X1Y7
AH11,227,MGTREFCLK0P_227,0,GTYE4_COMMON_X1Y7
AJ3,227,MGTYRXN0_227,0,GTYE4_CHANNEL_X1Y28
AJ4,227,MGTYRXP0_227,0,GTYE4_CHANNEL_X1Y28
AJ8,227,MGTYTXN0_227,0,GTYE4_CHANNEL_X1Y28
AJ9,227,MGTYTXP0_227,0,GTYE4_CHANNEL_X1Y28
AF10,227,MGTREFCLK1N_227,0,GTYE4_COMMON_X1Y7
AF11,227,MGTREFCLK1P_227,0,GTYE4_COMMON_X1Y7
AH1,227,MGTYRXN1_227,0,GTYE4_CHANNEL_X1Y29
AH2,227,MGTYRXP1_227,0,GTYE4_CHANNEL_X1Y29
AH6,227,MGTYTXN1_227,0,GTYE4_CHANNEL_X1Y29
AH7,227,MGTYTXP1_227,0,GTYE4_CHANNEL_X1Y29
AG3,227,MGTYRXN2_227,0,GTYE4_CHANNEL_X1Y30
AG4,227,MGTYRXP2_227,0,GTYE4_CHANNEL_X1Y30
AG8,227,MGTYTXN2_227,0,GTYE4_CHANNEL_X1Y30
AG9,227,MGTYTXP2_227,0,GTYE4_CHANNEL_X1Y30
AF1,227,MGTYRXN3_227,0,GTYE4_CHANNEL_X1Y31
AF2,227,MGTYRXP3_227,0,GTYE4_CHANNEL_X1Y31
AF6,227,MGTYTXN3_227,0,GTYE4_CHANNEL_X1Y31
AF7,227,MGTYTXP3_227,0,GTYE4_CHANNEL_X1Y31
AD10,228,MGTREFCLK0N_228,0,GTYE4_COMMON_X1Y8
AD11,228,MGTREFCLK0P_228,0,GTYE4_COMMON_X1Y8
AE3,228,MGTYRXN0_228,0,GTYE4_CHANNEL_X1Y32
AE4,228,MGTYRXP0_228,0,GTYE4_CHANNEL_X1Y32
AE8,228,MGTYTXN0_228,0,GTYE4_CHANNEL_X1Y32
AE9,228,MGTYTXP0_228,0,GTYE4_CHANNEL_X1Y32
AB10,228,MGTREFCLK1N_228,0,GTYE4_COMMON_X1Y8
AB11,228,MGTREFCLK1P_228,0,GTYE4_COMMON_X1Y8
AD1,228,MGTYRXN1_228,0,GTYE4_CHANNEL_X1Y33
AD2,228,MGTYRXP1_228,0,GTYE4_CHANNEL_X1Y33
AD6,228,MGTYTXN1_228,0,GTYE4_CHANNEL_X1Y33
AD7,228,MGTYTXP1_228,0,GTYE4_CHANNEL_X1Y33
AC3,228,MGTYRXN2_228,0,GTYE4_CHANNEL_X1Y34
AC4,228,MGTYRXP2_228,0,GTYE4_CHANNEL_X1Y34
AC8,228,MGTYTXN2_228,0,GTYE4_CHANNEL_X1Y34
AC9,228,MGTYTXP2_228,0,GTYE4_CHANNEL_X1Y34
AB1,228,MGTYRXN3_228,0,GTYE4_CHANNEL_X1Y35
AB2,228,MGTYRXP3_228,0,GTYE4_CHANNEL_X1Y35
AB6,228,MGTYTXN3_228,0,GTYE4_CHANNEL_X1Y35
AB7,228,MGTYTXP3_228,0,GTYE4_CHANNEL_X1Y35
Y10,229,MGTREFCLK0N_229,0,GTYE4_COMMON_X1Y9
Y11,229,MGTREFCLK0P_229,0,GTYE4_COMMON_X1Y9
AA3,229,MGTYRXN0_229,0,GTYE4_CHANNEL_X1Y36
AA4,229,MGTYRXP0_229,0,GTYE4_CHANNEL_X1Y36
AA8,229,MGTYTXN0_229,0,GTYE4_CHANNEL_X1Y36
AA9,229,MGTYTXP0_229,0,GTYE4_CHANNEL_X1Y36
V10,229,MGTREFCLK1N_229,0,GTYE4_COMMON_X1Y9
V11,229,MGTREFCLK1P_229,0,GTYE4_COMMON_X1Y9
Y1,229,MGTYRXN1_229,0,GTYE4_CHANNEL_X1Y37
Y2,229,MGTYRXP1_229,0,GTYE4_CHANNEL_X1Y37
Y6,229,MGTYTXN1_229,0,GTYE4_CHANNEL_X1Y37
Y7,229,MGTYTXP1_229,0,GTYE4_CHANNEL_X1Y37
W3,229,MGTYRXN2_229,0,GTYE4_CHANNEL_X1Y38
W4,229,MGTYRXP2_229,0,GTYE4_CHANNEL_X1Y38
W8,229,MGTYTXN2_229,0,GTYE4_CHANNEL_X1Y38
W9,229,MGTYTXP2_229,0,GTYE4_CHANNEL_X1Y38
V1,229,MGTYRXN3_229,0,GTYE4_CHANNEL_X1Y39
V2,229,MGTYRXP3_229,0,GTYE4_CHANNEL_X1Y39
V6,229,MGTYTXN3_229,0,GTYE4_CHANNEL_X1Y39
V7,229,MGTYTXP3_229,0,GTYE4_CHANNEL_X1Y39
T10,230,MGTREFCLK0N_230,0,GTYE4_COMMON_X1Y10
T11,230,MGTREFCLK0P_230,0,GTYE4_COMMON_X1Y10
U3,230,MGTYRXN0_230,0,GTYE4_CHANNEL_X1Y40
U4,230,MGTYRXP0_230,0,GTYE4_CHANNEL_X1Y40
U8,230,MGTYTXN0_230,0,GTYE4_CHANNEL_X1Y40
U9,230,MGTYTXP0_230,0,GTYE4_CHANNEL_X1Y40
P10,230,MGTREFCLK1N_230,0,GTYE4_COMMON_X1Y10
P11,230,MGTREFCLK1P_230,0,GTYE4_COMMON_X1Y10
T1,230,MGTYRXN1_230,0,GTYE4_CHANNEL_X1Y41
T2,230,MGTYRXP1_230,0,GTYE4_CHANNEL_X1Y41
T6,230,MGTYTXN1_230,0,GTYE4_CHANNEL_X1Y41
T7,230,MGTYTXP1_230,0,GTYE4_CHANNEL_X1Y41
R3,230,MGTYRXN2_230,0,GTYE4_CHANNEL_X1Y42
R4,230,MGTYRXP2_230,0,GTYE4_CHANNEL_X1Y42
R8,230,MGTYTXN2_230,0,GTYE4_CHANNEL_X1Y42
R9,230,MGTYTXP2_230,0,GTYE4_CHANNEL_X1Y42
P1,230,MGTYRXN3_230,0,GTYE4_CHANNEL_X1Y43
P2,230,MGTYRXP3_230,0,GTYE4_CHANNEL_X1Y43
P6,230,MGTYTXN3_230,0,GTYE4_CHANNEL_X1Y43
P7,230,MGTYTXP3_230,0,GTYE4_CHANNEL_X1Y43
M10,231,MGTREFCLK0N_231,0,GTYE4_COMMON_X1Y11
M11,231,MGTREFCLK0P_231,0,GTYE4_COMMON_X1Y11
N3,231,MGTYRXN0_231,0,GTYE4_CHANNEL_X1Y44
N4,231,MGTYRXP0_231,0,GTYE4_CHANNEL_X1Y44
N8,231,MGTYTXN0_231,0,GTYE4_CHANNEL_X1Y44
N9,231,MGTYTXP0_231,0,GTYE4_CHANNEL_X1Y44
K10,231,MGTREFCLK1N_231,0,GTYE4_COMMON_X1Y11
K11,231,MGTREFCLK1P_231,0,GTYE4_COMMON_X1Y11
M1,231,MGTYRXN1_231,0,GTYE4_CHANNEL_X1Y45
M2,231,MGTYRXP1_231,0,GTYE4_CHANNEL_X1Y45
M6,231,MGTYTXN1_231,0,GTYE4_CHANNEL_X1Y45
M7,231,MGTYTXP1_231,0,GTYE4_CHANNEL_X1Y45
L3,231,MGTYRXN2_231,0,GTYE4_CHANNEL_X1Y46
L4,231,MGTYRXP2_231,0,GTYE4_CHANNEL_X1Y46
L8,231,MGTYTXN2_231,0,GTYE4_CHANNEL_X1Y46
L9,231,MGTYTXP2_231,0,GTYE4_CHANNEL_X1Y46
K1,231,MGTYRXN3_231,0,GTYE4_CHANNEL_X1Y47
K2,231,MGTYRXP3_231,0,GTYE4_CHANNEL_X1Y47
K6,231,MGTYTXN3_231,0,GTYE4_CHANNEL_X1Y47
K7,231,MGTYTXP3_231,0,GTYE4_CHANNEL_X1Y47
H10,232,MGTREFCLK0N_232,0,GTYE4_COMMON_X1Y12
H11,232,MGTREFCLK0P_232,0,GTYE4_COMMON_X1Y12
J3,232,MGTYRXN0_232,0,GTYE4_CHANNEL_X1Y48
J4,232,MGTYRXP0_232,0,GTYE4_CHANNEL_X1Y48
J8,232,MGTYTXN0_232,0,GTYE4_CHANNEL_X1Y48
J9,232,MGTYTXP0_232,0,GTYE4_CHANNEL_X1Y48
F10,232,MGTREFCLK1N_232,0,GTYE4_COMMON_X1Y12
F11,232,MGTREFCLK1P_232,0,GTYE4_COMMON_X1Y12
H1,232,MGTYRXN1_232,0,GTYE4_CHANNEL_X1Y49
H2,232,MGTYRXP1_232,0,GTYE4_CHANNEL_X1Y49
H6,232,MGTYTXN1_232,0,GTYE4_CHANNEL_X1Y49
H7,232,MGTYTXP1_232,0,GTYE4_CHANNEL_X1Y49
G3,232,MGTYRXN2_232,0,GTYE4_CHANNEL_X1Y50
G4,232,MGTYRXP2_232,0,GTYE4_CHANNEL_X1Y50
G8,232,MGTYTXN2_232,0,GTYE4_CHANNEL_X1Y50
G9,232,MGTYTXP2_232,0,GTYE4_CHANNEL_X1Y50
F1,232,MGTYRXN3_232,0,GTYE4_CHANNEL_X1Y51
F2,232,MGTYRXP3_232,0,GTYE4_CHANNEL_X1Y51
F6,232,MGTYTXN3_232,0,GTYE4_CHANNEL_X1Y51
F7,232,MGTYTXP3_232,0,GTYE4_CHANNEL_X1Y51
D10,233,MGTREFCLK0N_233,0,GTYE4_COMMON_X1Y13
D11,233,MGTREFCLK0P_233,0,GTYE4_COMMON_X1Y13
E3,233,MGTYRXN0_233,0,GTYE4_CHANNEL_X1Y52
E4,233,MGTYRXP0_233,0,GTYE4_CHANNEL_X1Y52
E8,233,MGTYTXN0_233,0,GTYE4_CHANNEL_X1Y52
E9,233,MGTYTXP0_233,0,GTYE4_CHANNEL_X1Y52
B10,233,MGTREFCLK1N_233,0,GTYE4_COMMON_X1Y13
B11,233,MGTREFCLK1P_233,0,GTYE4_COMMON_X1Y13
D1,233,MGTYRXN1_233,0,GTYE4_CHANNEL_X1Y53
D2,233,MGTYRXP1_233,0,GTYE4_CHANNEL_X1Y53
D6,233,MGTYTXN1_233,0,GTYE4_CHANNEL_X1Y53
D7,233,MGTYTXP1_233,0,GTYE4_CHANNEL_X1Y53
C3,233,MGTYRXN2_233,0,GTYE4_CHANNEL_X1Y54
C4,233,MGTYRXP2_233,0,GTYE4_CHANNEL_X1Y54
C8,233,MGTYTXN2_233,0,GTYE4_CHANNEL_X1Y54
C9,233,MGTYTXP2_233,0,GTYE4_CHANNEL_X1Y54
A4,233,MGTYRXN3_233,0,GTYE4_CHANNEL_X1Y55
A5,233,MGTYRXP3_233,0,GTYE4_CHANNEL_X1Y55
A8,233,MGTYTXN3_233,0,GTYE4_CHANNEL_X1Y55
A9,233,MGTYTXP3_233,0,GTYE4_CHANNEL_X1Y55
A10,,GND,0,
A11,,MGTAVCC_RN,0,
A12,,GND,0,
A16,72,VCCO_72,0,
A21,,GND,0,
A26,74,VCCO_74,0,
A3,,GND,0,
A31,,GND,0,
A36,70,VCCO_70,0,
A41,,GND,0,
A44,,GND,0,
A6,,GND,0,
A7,,MGTAVCC_RN,0,
AA1,,GND,0,
AA10,,GND,0,
AA11,,MGTAVCC_RS,0,
AA12,0,PUDC_B_0,0,
AA13,,GND,0,
AA14,,VCCINT,0,
AA15,,GND,0,
AA16,,VCCINT,0,
AA17,,GND,0,
AA18,,VCCINT,0,
AA19,,GND,0,
AA2,,GND,0,
AA20,,VCCINT,0,
AA21,,GND,0,
AA22,,VCCINT,0,
AA23,,GND,0,
AA24,,VCCINT,0,
AA25,,GND,0,
AA26,,VCCAUX_IO,0,
AA27,,GND,0,
AA28,,VCCAUX_IO,0,
AA29,,GND,0,
AA30,,VCCAUX,0,
AA31,,GND,0,
AA35,,GND,0,
AA38,,GND,0,
AA39,,MGTAVTT_LN,0,
AA42,,GND,0,
AA43,,GND,0,
AA44,,GND,0,
AA5,,GND,0,
AA6,,GND,0,
AA7,,GND,0,
AB12,,GND,0,
AB13,,VCCBRAM,0,
AB14,,GND,0,
AB15,,VCCINT,0,
AB16,,GND,0,
AB17,,VCCINT,0,
AB18,,GND,0,
AB19,,VCCINT,0,
AB20,,GND,0,
AB21,,VCCINT,0,
AB22,,GND,0,
AB23,,VCCINT,0,
AB24,,GND,0,
AB25,,VCCINT_IO,0,
AB26,,GND,0,
AB27,,VCCAUX_IO,0,
AB28,,GND,0,
AB29,,VCCAUX,0,
AB3,,GND,0,
AB30,,GND,0,
AB31,63,VREF_63,0,
AB33,63,VCCO_63,0,
AB35,,GND,0,
AB36,,MGTVCCAUX_LN,0,
AB37,,GND,0,
AB4,,GND,0,
AB40,,GND,0,
AB41,,MGTAVTT_LN,0,
AB42,,GND,0,
AB45,,GND,0,
AB46,,GND,0,
AB5,,GND,0,
AB8,,GND,0,
AB9,,MGTAVTT_RS,0,
AC1,,GND,0,
AC10,,GND,0,
AC11,,MGTVCCAUX_RS,0,
AC12,0,DONE_0,0,
AC13,0,TDO_0,0,
AC14,,VCCBRAM,0,
AC15,,GND,0,
AC16,,VCCINT,0,
AC17,,GND,0,
AC18,,VCCINT,0,
AC19,,GND,0,
AC2,,GND,0,
AC20,,VCCINT,0,
AC21,,GND,0,
AC22,,VCCINT,0,
AC23,,GND,0,
AC24,,VCCINT_IO,0,
AC25,,GND,0,
AC26,,VCCAUX_IO,0,
AC27,,GND,0,
AC28,,VCCAUX_IO,0,
AC29,,GND,0,
AC30,,VCCAUX,0,
AC35,,GND,0,
AC38,,MGTAVTT_LN,0,
AC39,,GND,0,
AC42,,GND,0,
AC43,,GND,0,
AC44,,GND,0,
AC5,,GND,0,
AC6,,MGTAVTT_RS,0,
AC7,,GND,0,
AD12,0,POR_OVERRIDE,0,
AD13,0,VCCO_0,0,
AD14,,GND,0,
AD15,,VCCINT,0,
AD16,,GND,0,
AD17,,VCCINT,0,
AD18,,GND,0,
AD19,,VCCINT,0,
AD20,,GND,0,
AD21,,VCCINT,0,
AD22,,GND,0,
AD23,,VCCINT,0,
AD24,,GND,0,
AD25,,VCCINT_IO,0,
AD26,,GND,0,
AD27,,VCCAUX_IO,0,
AD28,,GND,0,
AD29,,VCCAUX,0,
AD3,,GND,0,
AD32,,GND,0,
AD35,,GND,0,
AD36,,MGTAVCC_LN,0,
AD37,,GND,0,
AD4,,GND,0,
AD40,,MGTAVTT_LN,0,
AD41,,GND,0,
AD42,,GND,0,
AD45,,GND,0,
AD46,,GND,0,
AD5,,GND,0,
AD8,,MGTAVTT_RS,0,
AD9,,GND,0,
AE1,,GND,0,
AE10,,GND,0,
AE11,,MGTVCCAUX_RS,0,
AE12,0,PROGRAM_B_0,0,
AE13,0,TCK_0,0,
AE14,,VCCBRAM,0,
AE15,0,TDI_0,0,
AE16,,VCCINT,0,
AE17,,GND,0,
AE18,,VCCINT,0,
AE19,,GND,0,
AE2,,GND,0,
AE20,,VCCINT,0,
AE21,,GND,0,
AE22,,VCCINT,0,
AE23,,GND,0,
AE24,,VCCINT,0,
AE25,,GND,0,
AE26,,VCCINT_IO,0,
AE27,,GND,0,
AE28,,VCCAUX_IO,0,
AE29,,GND,0,
AE34,63,VCCO_63,0,
AE35,,GND,0,
AE38,,GND,0,
AE39,,MGTAVTT_LN,0,
AE42,,GND,0,
AE43,,GND,0,
AE44,,GND,0,
AE5,,GND,0,
AE6,,GND,0,
AE7,,MGTAVTT_RS,0,
AF12,,GND,0,
AF13,0,VCCO_0,0,
AF14,,GND,0,
AF15,,VCCINT,0,
AF16,,GND,0,
AF17,,VCCINT,0,
AF18,,GNDADC,0,
AF19,,VCCADC,0,
AF20,,GND,0,
AF21,,VCCINT,0,
AF22,,GND,0,
AF23,,VCCINT,0,
AF24,,GND,0,
AF25,,VCCINT_IO,0,
AF26,,GND,0,
AF27,,VCCAUX_IO,0,
AF28,,GND,0,
AF29,,VCCAUX,0,
AF3,,GND,0,
AF31,63,VCCO_63,0,
AF35,,GND,0,
AF36,,GND,0,
AF37,,MGTAVCC_LN,0,
AF4,,GND,0,
AF40,,GND,0,
AF41,,MGTAVTT_LN,0,
AF42,,GND,0,
AF45,,GND,0,
AF46,,GND,0,
AF5,,GND,0,
AF8,,GND,0,
AF9,,MGTAVTT_RS,0,
AG1,,GND,0,
AG10,,MGTAVCC_RS,0,
AG11,,GND,0,
AG12,0,RDWR_FCS_B_0,0,
AG13,0,CCLK_0,0,
AG14,,VCCBRAM,0,
AG15,0,TMS_0,0,
AG16,,VCCINT,0,
AG17,,GND,0,
AG18,0,VREFN,0,
AG2,,GND,0,
AG20,,VCCINT,0,
AG21,,GND,0,
AG22,,VCCINT,0,
AG23,,GND,0,
AG24,,VCCINT,0,
AG25,,GND,0,
AG26,,VCCAUX_IO,0,
AG27,,GND,0,
AG28,,VCCAUX_IO,0,
AG33,,GND,0,
AG35,,GND,0,
AG38,,MGTAVCC_LS,0,
AG39,,GND,0,
AG42,,GND,0,
AG43,,GND,0,
AG44,,GND,0,
AG5,,GND,0,
AG6,,MGTAVTT_RS,0,
AG7,,GND,0,
AH12,0,D03_0,0,
AH13,,VCCINT,0,
AH14,,GND,0,
AH15,,VCCINT,0,
AH16,,GND,0,
AH17,,VCCINT,0,
AH19,0,VREFP,0,
AH20,,GND,0,
AH21,,VCCINT,0,
AH22,,GND,0,
AH23,,VCCINT,0,
AH24,,GND,0,
AH25,,VCCINT_IO,0,
AH26,,GND,0,
AH27,,VCCAUX_IO,0,
AH3,,GND,0,
AH30,,GND,0,
AH35,,GND,0,
AH36,,MGTVCCAUX_LS,0,
AH37,,GND,0,
AH4,,GND,0,
AH40,,MGTAVTT_LS,0,
AH41,,GND,0,
AH42,,GND,0,
AH45,,GND,0,
AH46,,GND,0,
AH5,,GND,0,
AH8,,MGTAVTT_RS,0,
AH9,,GND,0,
AJ1,,GND,0,
AJ10,,GND,0,
AJ11,,MGTAVCC_RS,0,
AJ12,0,D01_DIN_0,0,
AJ13,,GND,0,
AJ14,,VCCINT,0,
AJ15,,GND,0,
AJ16,,VCCINT,0,
AJ17,,GND,0,
AJ18,0,DXN,0,
AJ19,0,DXP,0,
AJ2,,GND,0,
AJ20,,VCCINT,0,
AJ21,,GND,0,
AJ22,,VCCINT,0,
AJ23,,GND,0,
AJ24,,VCCINT,0,
AJ25,,GND,0,
AJ26,,VCCAUX_IO,0,
AJ32,63,VCCO_63,0,
AJ35,,GND,0,
AJ38,,GND,0,
AJ39,,MGTAVTT_LS,0,
AJ42,,GND,0,
AJ43,,GND,0,
AJ44,,GND,0,
AJ5,,GND,0,
AJ6,,GND,0,
AJ7,,MGTAVTT_RS,0,
AK12,0,D00_MOSI_0,0,
AK13,,VCCINT,0,
AK14,,GND,0,
AK15,,VCCINT,0,
AK16,,GND,0,
AK17,,VCCINT,0,
AK18,,GND,0,
AK19,,VCCINT,0,
AK20,,GND,0,
AK21,,VCCINT,0,
AK22,,GND,0,
AK23,,VCCINT,0,
AK24,,GND,0,
AK25,65,VREF_65,0,
AK29,63,VCCO_63,0,
AK3,,GND,0,
AK30,61,VREF_61,0,
AK33,62,VREF_62,0,
AK34,,GND,0,
AK35,,GND,0,
AK36,,MGTVCCAUX_LS,0,
AK37,,GND,0,
AK4,,GND,0,
AK40,,GND,0,
AK41,,MGTAVTT_LS,0,
AK42,,GND,0,
AK45,,GND,0,
AK46,,GND,0,
AK5,,GND,0,
AK8,,GND,0,
AK9,,MGTAVTT_RS,0,
AL1,,GND,0,
AL10,,MGTAVCC_RS,0,
AL11,,GND,0,
AL12,0,D02_0,0,
AL13,67,VREF_67,0,
AL16,66,VCCO_66,0,
AL18,66,VREF_66,0,
AL2,,GND,0,
AL23,64,VREF_64,0,
AL26,65,VCCO_65,0,
AL31,,GND,0,
AL35,,GND,0,
AL38,,MGTAVCC_LS,0,
AL39,,GND,0,
AL42,,GND,0,
AL43,,GND,0,
AL44,,GND,0,
AL5,,GND,0,
AL6,,MGTAVTT_RS,0,
AL7,,GND,0,
AM12,0,VBATT,0,
AM13,67,VCCO_67,0,
AM18,,GND,0,
AM23,64,VCCO_64,0,
AM28,,GND,0,
AM3,,GND,0,
AM33,62,VCCO_62,0,
AM35,,GND,0,
AM36,,MGTAVCC_LS,0,
AM37,,GND,0,
AM4,,GND,0,
AM40,,MGTAVTT_LS,0,
AM41,,GND,0,
AM42,,GND,0,
AM45,,GND,0,
AM46,,GND,0,
AM5,,GND,0,
AM8,,MGTAVTT_RS,0,
AM9,,GND,0,
AN1,,GND,0,
AN10,,GND,0,
AN11,,MGTAVCC_RS,0,
AN12,,GND,0,
AN15,,GND,0,
AN2,,GND,0,
AN20,66,VCCO_66,0,
AN25,,GND,0,
AN30,61,VCCO_61,0,
AN35,,GND,0,
AN38,,GND,0,
AN39,,MGTAVTT_LS,0,
AN42,,GND,0,
AN43,,GND,0,
AN44,,GND,0,
AN5,,GND,0,
AN6,,GND,0,
AN7,,MGTAVTT_RS,0,
AP12,,GND,0,
AP17,66,VCCO_66,0,
AP22,,GND,0,
AP27,65,VCCO_65,0,
AP3,,GND,0,
AP32,,GND,0,
AP35,,GND,0,
AP36,,GND,0,
AP37,,MGTAVCC_LS,0,
AP4,,GND,0,
AP40,,GND,0,
AP41,,MGTAVTT_LS,0,
AP42,,GND,0,
AP45,,GND,0,
AP46,,GND,0,
AP5,,GND,0,
AP8,,GND,0,
AP9,,MGTAVCC_RS,0,
AR1,,GND,0,
AR10,,MGTAVCC_RS,0,
AR11,,GND,0,
AR12,,GND,0,
AR14,67,VCCO_67,0,
AR19,,GND,0,
AR2,,GND,0,
AR24,64,VCCO_64,0,
AR29,,GND,0,
AR34,62,VCCO_62,0,
AR35,,GND,0,
AR38,,MGTAVCC_LS,0,
AR39,,GND,0,
AR42,,GND,0,
AR43,,GND,0,
AR44,,GND,0,
AR5,,GND,0,
AR6,,MGTAVTT_RS,0,
AR7,,GND,0,
AT12,,GND,0,
AT16,,GND,0,
AT21,64,VCCO_64,0,
AT26,,GND,0,
AT3,,GND,0,
AT31,61,VCCO_61,0,
AT35,,GND,0,
AT36,,MGTAVCC_LS,0,
AT37,,GND,0,
AT4,,GND,0,
AT40,,MGTAVTT_LS,0,
AT41,,GND,0,
AT42,,GND,0,
AT45,,GND,0,
AT46,,GND,0,
AT5,,GND,0,
AT8,,MGTAVTT_RS,0,
AT9,,GND,0,
AU1,,GND,0,
AU10,,GND,0,
AU11,,MGTAVCC_RS,0,
AU12,,GND,0,
AU18,66,VCCO_66,0,
AU2,,GND,0,
AU23,,GND,0,
AU28,65,VCCO_65,0,
AU33,,GND,0,
AU35,,GND,0,
AU38,,GND,0,
AU39,,MGTAVTT_LS,0,
AU42,,GND,0,
AU43,,GND,0,
AU44,,GND,0,
AU5,,GND,0,
AU6,,GND,0,
AU7,,MGTAVTT_RS,0,
AV12,,GND,0,
AV15,67,VCCO_67,0,
AV20,,GND,0,
AV25,65,VCCO_65,0,
AV3,,GND,0,
AV30,,GND,0,
AV35,,GND,0,
AV36,,GND,0,
AV37,,GND,0,
AV4,,GND,0,
AV40,,GND,0,
AV41,,MGTAVTT_LS,0,
AV42,,GND,0,
AV45,,GND,0,
AV46,,GND,0,
AV5,,GND,0,
AV8,,GND,0,
AV9,,MGTAVCC_RS,0,
AW1,,GND,0,
AW10,,GND,0,
AW11,,GND,0,
AW12,,GND,0,
AW17,,GND,0,
AW2,,GND,0,
AW22,64,VCCO_64,0,
AW27,,GND,0,
AW32,61,VCCO_61,0,
AW37,,GND,0,
AW38,,MGTAVCC_LS,0,
AW39,,GND,0,
AW42,,GND,0,
AW43,,GND,0,
AW44,,GND,0,
AW5,,GND,0,
AW6,,GND,0,
AW7,,MGTAVCC_RS,0,
AY1,,GND,0,
AY10,,GND,0,
AY14,,GND,0,
AY19,66,VCCO_66,0,
AY2,,GND,0,
AY21,,NC,0,
AY24,,GND,0,
AY29,61,VCCO_61,0,
AY3,,GND,0,
AY34,,GND,0,
AY37,,GND,0,
AY4,,GND,0,
AY40,,MGTAVCC_LS,0,
AY41,,GND,0,
AY42,,GND,0,
AY43,,GND,0,
AY44,,GND,0,
AY45,,GND,0,
AY46,,GND,0,
AY5,,GND,0,
AY6,,GND,0,
AY7,,GND,0,
AY8,,GND,0,
AY9,,GND,0,
B12,,GND,0,
B13,72,VCCO_72,0,
B18,,GND,0,
B2,,GND,0,
B23,74,VCCO_74,0,
B28,,GND,0,
B3,,MGTAVTT_RN,0,
B33,70,VCCO_70,0,
B38,,GND,0,
B4,,GND,0,
B41,,GND,0,
B42,129,MGTAVTTRCAL_LC,0,
B43,129,MGTRREF_LC,0,
B44,,GND,0,
B45,,GND,0,
B5,,GND,0,
B6,,GND,0,
B7,,GND,0,
B8,,GND,0,
B9,,MGTAVCC_RN,0,
BA10,68,VREF_68,0,
BA11,,GND,0,
BA16,67,VCCO_67,0,
BA21,,GND,0,
BA26,65,VCCO_65,0,
BA3,,GND,0,
BA31,,GND,0,
BA36,62,VCCO_62,0,
BA37,,GND,0,
BA38,,GND,0,
BA39,,GND,0,
BA4,225,MGTRREF_RS,0,
BA42,,MGTAVTT_LS,0,
BA43,,MGTAVTT_LS,0,
BA44,,GND,0,
BA5,225,MGTAVTTRCAL_RS,0,
BA6,,GND,0,
BB1,,GND,0,
BB13,67,VCCO_67,0,
BB18,,GND,0,
BB2,,GND,0,
BB23,64,VCCO_64,0,
BB28,,GND,0,
BB3,,GND,0,
BB33,62,VCCO_62,0,
BB39,,GND,0,
BB40,,GND,0,
BB41,,GND,0,
BB44,,GND,0,
BB45,,GND,0,
BB46,,GND,0,
BB6,,GND,0,
BB8,,GND,0,
BC10,68,VCCO_68,0,
BC15,,GND,0,
BC20,64,VCCO_64,0,
BC25,,GND,0,
BC3,,GND,0,
BC30,61,VCCO_61,0,
BC35,,GND,0,
BC4,,GND,0,
BC40,62,VCCO_62,0,
BC41,,GND,0,
BC42,,GND,0,
BC43,,MGTAVTT_LS,0,
BC44,,GND,0,
BC5,,MGTAVTT_RS,0,
BC6,,GND,0,
BD1,,GND,0,
BD12,,GND,0,
BD17,66,VCCO_66,0,
BD2,,MGTAVTT_RS,0,
BD22,,GND,0,
BD27,65,VCCO_65,0,
BD3,,GND,0,
BD32,,GND,0,
BD37,62,VCCO_62,0,
BD41,,GND,0,
BD44,,GND,0,
BD45,,MGTAVTT_LS,0,
BD46,,GND,0,
BD6,,GND,0,
BD7,68,VCCO_68,0,
BE14,67,VCCO_67,0,
BE19,,GND,0,
BE2,,GND,0,
BE24,64,VCCO_64,0,
BE29,,GND,0,
BE3,,GND,0,
BE34,62,VCCO_62,0,
BE39,,GND,0,
BE4,,MGTAVTT_RS,0,
BE41,,GND,0,
BE42,125,MGTAVTTRCAL_LS,0,
BE43,125,MGTRREF_LS,0,
BE44,,MGTAVTT_LS,0,
BE45,,GND,0,
BE5,,GND,0,
BE6,,GND,0,
BE9,,GND,0,
BF11,68,VCCO_68,0,
BF16,,GND,0,
BF21,64,VCCO_64,0,
BF26,,GND,0,
BF3,,GND,0,
BF31,61,VCCO_61,0,
BF36,,GND,0,
BF41,,GND,0,
BF44,,GND,0,
BF6,,GND,0,
C1,,GND,0,
C10,,MGTAVCC_RN,0,
C11,,GND,0,
C12,,GND,0,
C15,,GND,0,
C2,,GND,0,
C20,73,VCCO_73,0,
C25,,GND,0,
C30,71,VCCO_71,0,
C35,,GND,0,
C40,70,VCCO_70,0,
C41,,GND,0,
C44,,GND,0,
C45,,MGTAVTT_LN,0,
C46,,GND,0,
C5,,GND,0,
C6,229,MGTRREF_RC,0,
C7,229,MGTAVTTRCAL_RC,0,
D12,,GND,0,
D17,73,VCCO_73,0,
D22,,GND,0,
D27,71,VCCO_71,0,
D3,,GND,0,
D32,,GND,0,
D37,70,VCCO_70,0,
D4,,GND,0,
D41,,GND,0,
D42,,GND,0,
D43,,MGTAVTT_LN,0,
D44,,GND,0,
D5,,GND,0,
D8,,MGTAVTT_RN,0,
D9,,GND,0,
E1,,GND,0,
E10,,GND,0,
E11,,MGTAVCC_RN,0,
E12,,GND,0,
E14,72,VCCO_72,0,
E19,,GND,0,
E2,,GND,0,
E24,74,VCCO_74,0,
E29,,GND,0,
E34,70,VCCO_70,0,
E41,,GND,0,
E44,,GND,0,
E45,,GND,0,
E46,,GND,0,
E5,,GND,0,
E6,,GND,0,
E7,,MGTAVTT_RN,0,
F12,,GND,0,
F16,,GND,0,
F21,73,VCCO_73,0,
F26,,GND,0,
F3,,GND,0,
F31,69,VCCO_69,0,
F36,,GND,0,
F39,,GND,0,
F4,,GND,0,
F40,,GND,0,
F41,,GND,0,
F42,,MGTAVTT_LN,0,
F43,,MGTAVTT_LN,0,
F44,,GND,0,
F5,,GND,0,
F8,,GND,0,
F9,,MGTAVTT_RN,0,
G1,,GND,0,
G10,,MGTAVCC_RN,0,
G11,,GND,0,
G12,,GND,0,
G13,,GND,0,
G18,73,VCCO_73,0,
G2,,GND,0,
G23,,GND,0,
G28,71,VCCO_71,0,
G33,,GND,0,
G38,70,VCCO_70,0,
G39,,GND,0,
G42,,GND,0,
G43,,GND,0,
G44,,GND,0,
G45,,GND,0,
G46,,GND,0,
G5,,GND,0,
G6,,MGTAVTT_RN,0,
G7,,GND,0,
H12,,GND,0,
H15,72,VCCO_72,0,
H20,,GND,0,
H25,74,VCCO_74,0,
H3,,GND,0,
H30,,GND,0,
H35,70,VCCO_70,0,
H39,,GND,0,
H4,,GND,0,
H40,,MGTAVTT_LN,0,
H41,,GND,0,
H42,,GND,0,
H45,,GND,0,
H46,,GND,0,
H5,,GND,0,
H8,,MGTAVTT_RN,0,
H9,,GND,0,
J1,,GND,0,
J10,,GND,0,
J11,,MGTAVCC_RN,0,
J12,,GND,0,
J17,,GND,0,
J2,,GND,0,
J22,74,VCCO_74,0,
J27,,GND,0,
J32,69,VCCO_69,0,
J34,70,VREF_70,0,
J37,,GND,0,
J38,,GND,0,
J39,,GND,0,
J42,,GND,0,
J43,,GND,0,
J44,,GND,0,
J5,,GND,0,
J6,,GND,0,
J7,,MGTAVTT_RN,0,
K12,,GND,0,
K14,,GND,0,
K19,73,VCCO_73,0,
K24,,GND,0,
K29,71,VCCO_71,0,
K3,,GND,0,
K35,,GND,0,
K36,,GND,0,
K37,,GND,0,
K4,,GND,0,
K40,,GND,0,
K41,,MGTAVTT_LN,0,
K42,,GND,0,
K45,,GND,0,
K46,,GND,0,
K5,,GND,0,
K8,,GND,0,
K9,,MGTAVTT_RN,0,
L1,,GND,0,
L10,,MGTAVCC_RN,0,
L11,,GND,0,
L12,,GND,0,
L16,72,VCCO_72,0,
L2,,GND,0,
L21,,GND,0,
L26,71,VCCO_71,0,
L31,,GND,0,
L35,,GND,0,
L38,,MGTAVCC_LN,0,
L39,,GND,0,
L42,,GND,0,
L43,,GND,0,
L44,,GND,0,
L5,,GND,0,
L6,,MGTAVTT_RN,0,
L7,,GND,0,
M12,,GND,0,
M13,72,VCCO_72,0,
M18,,GND,0,
M23,74,VCCO_74,0,
M28,,GND,0,
M3,,GND,0,
M33,69,VCCO_69,0,
M35,,GND,0,
M36,,MGTAVCC_LN,0,
M37,,GND,0,
M4,,GND,0,
M40,,MGTAVTT_LN,0,
M41,,GND,0,
M42,,GND,0,
M45,,GND,0,
M46,,GND,0,
M5,,GND,0,
M8,,MGTAVTT_RN,0,
M9,,GND,0,
N1,,GND,0,
N10,,GND,0,
N11,,MGTAVCC_RN,0,
N12,,GND,0,
N15,,GND,0,
N2,,GND,0,
N20,73,VCCO_73,0,
N25,,GND,0,
N30,69,VCCO_69,0,
N35,,GND,0,
N38,,GND,0,
N39,,MGTAVCC_LN,0,
N42,,GND,0,
N43,,GND,0,
N44,,GND,0,
N5,,GND,0,
N6,,GND,0,
N7,,MGTAVTT_RN,0,
P12,,GND,0,
P17,73,VCCO_73,0,
P22,,GND,0,
P27,71,VCCO_71,0,
P3,,GND,0,
P32,,GND,0,
P35,,GND,0,
P36,,GND,0,
P37,,MGTAVCC_LN,0,
P4,,GND,0,
P40,,GND,0,
P41,,MGTAVTT_LN,0,
P42,,GND,0,
P45,,GND,0,
P46,,GND,0,
P5,,GND,0,
P8,,GND,0,
P9,,MGTAVTT_RN,0,
R1,,GND,0,
R10,,GND,0,
R11,,MGTVCCAUX_RN,0,
R12,0,M2_0,0,
R13,72,VREF_72,0,
R14,72,VCCO_72,0,
R17,73,VREF_73,0,
R19,,GND,0,
R2,,GND,0,
R22,74,VREF_74,0,
R24,74,VCCO_74,0,
R29,,GND,0,
R34,69,VCCO_69,0,
R35,,GND,0,
R38,,MGTAVCC_LN,0,
R39,,GND,0,
R42,,GND,0,
R43,,GND,0,
R44,,GND,0,
R5,,GND,0,
R6,,MGTAVTT_RN,0,
R7,,GND,0,
T12,,GND,0,
T13,,VCCINT,0,
T14,,GND,0,
T15,,VCCINT,0,
T16,,GND,0,
T17,,VCCINT,0,
T18,,GND,0,
T19,,VCCINT,0,
T20,,GND,0,
T21,,VCCINT,0,
T22,,GND,0,
T23,,VCCINT,0,
T24,,GND,0,
T25,,VCCINT_IO,0,
T29,71,VREF_71,0,
T3,,GND,0,
T31,69,VCCO_69,0,
T35,,GND,0,
T36,,MGTAVCC_LN,0,
T37,,GND,0,
T4,,GND,0,
T40,,MGTAVTT_LN,0,
T41,,GND,0,
T42,,GND,0,
T45,,GND,0,
T46,,GND,0,
T5,,GND,0,
T8,,MGTAVTT_RN,0,
T9,,GND,0,
U1,,GND,0,
U10,,GND,0,
U11,,MGTVCCAUX_RN,0,
U12,0,M1_0,0,
U13,,GND,0,
U14,,VCCINT,0,
U15,,GND,0,
U16,,VCCINT,0,
U17,,GND,0,
U18,,VCCINT,0,
U19,,GND,0,
U2,,GND,0,
U20,,VCCINT,0,
U21,,GND,0,
U22,,VCCINT,0,
U23,,GND,0,
U24,,VCCINT,0,
U25,,GND,0,
U26,,VCCAUX_IO,0,
U27,,GND,0,
U28,,VCCAUX_IO,0,
U29,69,VREF_69,0,
U33,,GND,0,
U35,,GND,0,
U38,,GND,0,
U39,,MGTAVCC_LN,0,
U42,,GND,0,
U43,,GND,0,
U44,,GND,0,
U5,,GND,0,
U6,,GND,0,
U7,,MGTAVTT_RN,0,
V12,0,M0_0,0,
V13,,VCCINT,0,
V14,,GND,0,
V15,,VCCINT,0,
V16,,GND,0,
V17,,VCCINT,0,
V18,,GND,0,
V19,,VCCINT,0,
V20,,GND,0,
V21,,VCCINT,0,
V22,,GND,0,
V23,,VCCINT,0,
V24,,GND,0,
V25,,VCCINT_IO,0,
V26,,GND,0,
V27,,VCCAUX_IO,0,
V28,,GND,0,
V29,,VCCAUX,0,
V3,,GND,0,
V30,,GND,0,
V35,,GND,0,
V36,,GND,0,
V37,,MGTAVCC_LN,0,
V4,,GND,0,
V40,,GND,0,
V41,,MGTAVTT_LN,0,
V42,,GND,0,
V45,,GND,0,
V46,,GND,0,
V5,,GND,0,
V8,,GND,0,
V9,,MGTAVTT_RN,0,
W1,,GND,0,
W10,,MGTAVCC_RN,0,
W11,,GND,0,
W12,0,RSVDGND,0,
W13,,GND,0,
W14,,VCCINT,0,
W15,,GND,0,
W16,,VCCINT,0,
W17,,GND,0,
W18,,VCCINT,0,
W19,,GND,0,
W2,,GND,0,
W20,,VCCINT,0,
W21,,GND,0,
W22,,VCCINT,0,
W23,,GND,0,
W24,,VCCINT,0,
W25,,GND,0,
W26,,VCCAUX_IO,0,
W27,,GND,0,
W28,,VCCAUX,0,
W29,,GND,0,
W32,63,VCCO_63,0,
W35,,GND,0,
W38,,MGTAVTT_LN,0,
W39,,GND,0,
W42,,GND,0,
W43,,GND,0,
W44,,GND,0,
W5,,GND,0,
W6,,MGTAVTT_RN,0,
W7,,GND,0,
Y12,0,INIT_B_0,0,
Y13,,VCCBRAM,0,
Y14,,GND,0,
Y15,,VCCINT,0,
Y16,,GND,0,
Y17,,VCCINT,0,
Y18,,GND,0,
Y19,,VCCINT,0,
Y20,,GND,0,
Y21,,VCCINT,0,
Y22,,GND,0,
Y23,,VCCINT,0,
Y24,,GND,0,
Y25,,VCCINT_IO,0,
Y26,,GND,0,
Y27,,VCCAUX_IO,0,
Y28,,GND,0,
Y29,,VCCAUX,0,
Y3,,GND,0,
Y34,,GND,0,
Y35,,GND,0,
Y36,,MGTVCCAUX_LN,0,
Y37,,GND,0,
Y4,,GND,0,
Y40,,MGTAVTT_LN,0,
Y41,,GND,0,
Y42,,GND,0,
Y45,,GND,0,
Y46,,GND,0,
Y5,,GND,0,
Y8,,MGTAVTT_RN,0,
Y9,,GND,0,
